
     Program BANDS v.7.6-dev starts on 20Aug2026 at 23:59:21 

     This program is part of the open-source Quantum ESPRESSO suite
     for quantum simulation of materials; please cite
         "P. Giannozzi et al., J. Phys.:Condens. Matter 21 395502 (2009);
         "P. Giannozzi et al., J. Phys.:Condens. Matter 29 465901 (2017);
         "P. Giannozzi et al., J. Chem. Phys. 152 154105 (2020);
          URL http://www.quantum-espresso.org", 
     in publications or presentations arising from this work. More details at
     http://www.quantum-espresso.org/quote

     Serial version
     0 MiB available memory on the printing compute node when the environment starts


     Reading xml data from directory:

     ./output/Si.save/

     IMPORTANT: XC functional enforced from input :
     Exchange-correlation= PBE
                           (   1   4   3   4   0   0   0)
     Any further DFT definition will be discarded
     Please, verify this is what you really want


     G-vector sticks info
     --------------------
     sticks:   dense  smooth     PW     G-vecs:    dense   smooth      PW
     Sum         253     253     85                 2741     2741     531

     Using Slab Decomposition

     Reading collected, re-writing distributed wavefunctions
     high-symmetry point: -0.5000 0.5000 0.5000   x coordinate   0.0000
     high-symmetry point:  0.0000 0.0000 0.0000   x coordinate   0.8660
     high-symmetry point: -1.0000 0.0000 0.0000   x coordinate   1.8660
     high-symmetry point: -0.7500 0.7500 0.0000   x coordinate   2.6566
     high-symmetry point:  0.0000 0.0000 0.0000   x coordinate   3.7173

     Plottable bands (eV) written to file Si.bands.gnu
     Bands written to file Si.bands

 **************************************************************************

                    xk=(  -0.50000,   0.50000,   0.50000  )

     zone border point and non-symmorphic group 
     symmetry decomposition not available

 **************************************************************************

 **************************************************************************

                    xk=(  -0.47500,   0.47500,   0.47500  )

     point group C_3v (3m)  
     there are  3 classes
     the character table:

       E     2C3   3s_v 
A_1    1.00  1.00  1.00
A_2    1.00  1.00 -1.00
E      2.00 -1.00  0.00

     the symmetry operations in each class and the name of the first element:

     E        1
                                                                 
     2C3      2    3
                                                                 
     3s_v     4    5    6
                                                                 

     Band symmetry, C_3v (3m)   point group:

     e(  1 -  1) =     -3.43497  eV     1   --> A_1  L_1       
     e(  2 -  2) =     -0.69170  eV     1   --> A_1  L_1       
     e(  3 -  4) =      5.03544  eV     2   --> E    L_3       
     e(  5 -  5) =      7.78141  eV     1   --> A_1  L_1       
     e(  6 -  7) =      9.60043  eV     2   --> E    L_3       
     e(  8 -  8) =     13.98092  eV     1   --> A_1  L_1       
     e(  9 - 10) =     16.65958  eV     2   --> E    L_3       
     e( 11 - 11) =     17.47695  eV     1   --> A_1  L_1       
     e( 12 - 13) =     17.91891  eV     2   --> E    L_3       
     e( 14 - 14) =     19.36349  eV     1   --> A_1  L_1       
     e( 15 - 15) =     25.22705  eV     1   --> A_1  L_1       
     e( 16 - 16) =     26.87153  eV     1   --> A_1  L_1       
     e( 17 - 18) =     27.47140  eV     2   --> E    L_3       
     e( 19 - 20) =     28.76876  eV     2   --> E    L_3       

 **************************************************************************

 **************************************************************************

                    xk=(  -0.45000,   0.45000,   0.45000  )

     Band symmetry, C_3v (3m)   point group:

     e(  1 -  1) =     -3.53488  eV     1   --> A_1  L_1       
     e(  2 -  2) =     -0.54673  eV     1   --> A_1  L_1       
     e(  3 -  4) =      5.04890  eV     2   --> E    L_3       
     e(  5 -  5) =      7.79620  eV     1   --> A_1  L_1       
     e(  6 -  7) =      9.61546  eV     2   --> E    L_3       
     e(  8 -  8) =     14.00267  eV     1   --> A_1  L_1       
     e(  9 - 10) =     16.20455  eV     2   --> E    L_3       
     e( 11 - 11) =     17.15507  eV     1   --> A_1  L_1       
     e( 12 - 13) =     18.42036  eV     2   --> E    L_3       
     e( 14 - 14) =     19.65583  eV     1   --> A_1  L_1       
     e( 15 - 15) =     24.51671  eV     1   --> A_1  L_1       
     e( 16 - 17) =     26.80835  eV     2   --> E    L_3       
     e( 18 - 18) =     27.66858  eV     1   --> A_1  L_1       
     e( 19 - 20) =     29.31293  eV     2   --> E    L_3       

 **************************************************************************

 **************************************************************************

                    xk=(  -0.42500,   0.42500,   0.42500  )

     Band symmetry, C_3v (3m)   point group:

     e(  1 -  1) =     -3.68065  eV     1   --> A_1  L_1       
     e(  2 -  2) =     -0.32457  eV     1   --> A_1  L_1       
     e(  3 -  4) =      5.07125  eV     2   --> E    L_3       
     e(  5 -  5) =      7.82772  eV     1   --> A_1  L_1       
     e(  6 -  7) =      9.63915  eV     2   --> E    L_3       
     e(  8 -  8) =     14.03874  eV     1   --> A_1  L_1       
     e(  9 - 10) =     15.73762  eV     2   --> E    L_3       
     e( 11 - 11) =     16.75956  eV     1   --> A_1  L_1       
     e( 12 - 13) =     18.96588  eV     2   --> E    L_3       
     e( 14 - 14) =     19.98141  eV     1   --> A_1  L_1       
     e( 15 - 15) =     23.87744  eV     1   --> A_1  L_1       
     e( 16 - 17) =     26.14306  eV     2   --> E    L_3       
     e( 18 - 18) =     28.49260  eV     1   --> A_1  L_1       
     e( 19 - 20) =     29.77680  eV     2   --> E    L_3       

 **************************************************************************

 **************************************************************************

                    xk=(  -0.40000,   0.40000,   0.40000  )

     Band symmetry, C_3v (3m)   point group:

     e(  1 -  1) =     -3.85336  eV     1   --> A_1  L_1       
     e(  2 -  2) =     -0.04416  eV     1   --> A_1  L_1       
     e(  3 -  4) =      5.10285  eV     2   --> E    L_3       
     e(  5 -  5) =      7.86312  eV     1   --> A_1  L_1       
     e(  6 -  7) =      9.66977  eV     2   --> E    L_3       
     e(  8 -  8) =     14.08254  eV     1   --> A_1  L_1       
     e(  9 - 10) =     15.30178  eV     2   --> E    L_3       
     e( 11 - 11) =     16.34245  eV     1   --> A_1  L_1       
     e( 12 - 13) =     19.53150  eV     2   --> E    L_3       
     e( 14 - 14) =     20.23935  eV     1   --> A_1  L_1       
     e( 15 - 15) =     23.34690  eV     1   --> A_1  L_1       
     e( 16 - 17) =     25.49322  eV     2   --> E    L_3       
     e( 18 - 18) =     29.27512  eV     1   --> A_1  L_1       
     e( 19 - 19) =     30.11677  eV     1   --> A_1  L_1       
     e( 20 - 20) =     30.13322  eV     1   -->   ?

 **************************************************************************

 **************************************************************************

                    xk=(  -0.37500,   0.37500,   0.37500  )

     Band symmetry, C_3v (3m)   point group:

     e(  1 -  1) =     -4.03989  eV     1   --> A_1  L_1       
     e(  2 -  2) =      0.28043  eV     1   --> A_1  L_1       
     e(  3 -  4) =      5.14339  eV     2   --> E    L_3       
     e(  5 -  5) =      7.90848  eV     1   --> A_1  L_1       
     e(  6 -  7) =      9.70418  eV     2   --> E    L_3       
     e(  8 -  8) =     14.12302  eV     1   --> A_1  L_1       
     e(  9 - 10) =     14.89388  eV     2   --> E    L_3       
     e( 11 - 11) =     15.93379  eV     1   --> A_1  L_1       
     e( 12 - 13) =     20.09793  eV     2   --> E    L_3       
     e( 14 - 14) =     20.31173  eV     1   --> A_1  L_1       
     e( 15 - 15) =     23.04068  eV     1   --> A_1  L_1       
     e( 16 - 17) =     24.87189  eV     2   --> E    L_3       
     e( 18 - 18) =     29.25532  eV     1   --> A_1  L_1       
     e( 19 - 19) =     30.30356  eV     1   --> A_1  L_1       
     e( 20 - 20) =     30.37201  eV     1   -->   ?

 **************************************************************************

 **************************************************************************

                    xk=(  -0.35000,   0.35000,   0.35000  )

     Band symmetry, C_3v (3m)   point group:

     e(  1 -  1) =     -4.23051  eV     1   --> A_1  L_1       
     e(  2 -  2) =      0.63911  eV     1   --> A_1  L_1       
     e(  3 -  4) =      5.19275  eV     2   --> E    L_3       
     e(  5 -  5) =      7.96351  eV     1   --> A_1  L_1       
     e(  6 -  7) =      9.73825  eV     2   --> E    L_3       
     e(  8 -  8) =     14.13541  eV     1   --> A_1  L_1       
     e(  9 - 10) =     14.52037  eV     2   --> E    L_3       
     e( 11 - 11) =     15.56556  eV     1   --> A_1  L_1       
     e( 12 - 12) =     20.11362  eV     1   --> A_1  L_1       
     e( 13 - 14) =     20.64177  eV     2   --> E    L_3       
     e( 15 - 15) =     23.03627  eV     1   --> A_1  L_1       
     e( 16 - 17) =     24.30367  eV     2   --> E    L_3       
     e( 18 - 18) =     28.61685  eV     1   --> A_1  L_1       
     e( 19 - 20) =     30.51105  eV     2   --> E    L_3       

 **************************************************************************

 **************************************************************************

                    xk=(  -0.32500,   0.32500,   0.32500  )

     Band symmetry, C_3v (3m)   point group:

     e(  1 -  1) =     -4.41782  eV     1   --> A_1  L_1       
     e(  2 -  2) =      1.02508  eV     1   --> A_1  L_1       
     e(  3 -  4) =      5.25103  eV     2   --> E    L_3       
     e(  5 -  5) =      8.03011  eV     1   --> A_1  L_1       
     e(  6 -  7) =      9.76861  eV     2   --> E    L_3       
     e(  8 -  8) =     14.06972  eV     1   --> A_1  L_1       
     e(  9 - 10) =     14.19010  eV     2   --> E    L_3       
     e( 11 - 11) =     15.29422  eV     1   --> A_1  L_1       
     e( 12 - 12) =     19.70255  eV     1   --> A_1  L_1       
     e( 13 - 14) =     21.11927  eV     2   --> E    L_3       
     e( 15 - 15) =     23.28576  eV     1   --> A_1  L_1       
     e( 16 - 17) =     23.84459  eV     2   --> E    L_3       
     e( 18 - 18) =     27.96973  eV     1   --> A_1  L_1       
     e( 19 - 20) =     30.59453  eV     2   --> E    L_3       

 **************************************************************************

 **************************************************************************

                    xk=(  -0.30000,   0.30000,   0.30000  )

     Band symmetry, C_3v (3m)   point group:

     e(  1 -  1) =     -4.59957  eV     1   --> A_1  L_1       
     e(  2 -  2) =      1.43261  eV     1   --> A_1  L_1       
     e(  3 -  4) =      5.31713  eV     2   --> E    L_3       
     e(  5 -  5) =      8.10121  eV     1   --> A_1  L_1       
     e(  6 -  7) =      9.78303  eV     2   --> E    L_3       
     e(  8 -  8) =     13.86671  eV     1   --> A_1  L_1       
     e(  9 - 10) =     13.89906  eV     2   --> E    L_3       
     e( 11 - 11) =     15.16604  eV     1   --> A_1  L_1       
     e( 12 - 12) =     19.18288  eV     1   --> A_1  L_1       
     e( 13 - 14) =     21.38257  eV     2   --> E    L_3       
     e( 15 - 16) =     23.61364  eV     2   --> E    L_3       
     e( 17 - 17) =     23.64663  eV     1   --> A_1  L_1       
     e( 18 - 18) =     27.34324  eV     1   --> A_1  L_1       
     e( 19 - 20) =     30.61015  eV     2   --> E    L_3       

 **************************************************************************

 **************************************************************************

                    xk=(  -0.27500,   0.27500,   0.27500  )

     Band symmetry, C_3v (3m)   point group:

     e(  1 -  1) =     -4.77187  eV     1   --> A_1  L_1       
     e(  2 -  2) =      1.85934  eV     1   --> A_1  L_1       
     e(  3 -  4) =      5.39145  eV     2   --> E    L_3       
     e(  5 -  5) =      8.18210  eV     1   --> A_1  L_1       
     e(  6 -  7) =      9.77990  eV     2   --> E    L_3       
     e(  8 -  8) =     13.54192  eV     1   --> A_1  L_1       
     e(  9 - 10) =     13.66897  eV     2   --> E    L_3       
     e( 11 - 11) =     15.17125  eV     1   --> A_1  L_1       
     e( 12 - 12) =     18.63492  eV     1   --> A_1  L_1       
     e( 13 - 14) =     21.31070  eV     2   --> E    L_3       
     e( 15 - 16) =     23.75945  eV     2   --> E    L_3       
     e( 17 - 17) =     24.03704  eV     1   --> A_1  L_1       
     e( 18 - 18) =     26.77754  eV     1   --> A_1  L_1       
     e( 19 - 20) =     30.59690  eV     2   --> E    L_3       

 **************************************************************************

 **************************************************************************

                    xk=(  -0.25000,   0.25000,   0.25000  )

     Band symmetry, C_3v (3m)   point group:

     e(  1 -  1) =     -4.93272  eV     1   --> A_1  L_1       
     e(  2 -  2) =      2.30159  eV     1   --> A_1  L_1       
     e(  3 -  4) =      5.47316  eV     2   --> E    L_3       
     e(  5 -  5) =      8.26995  eV     1   --> A_1  L_1       
     e(  6 -  7) =      9.75116  eV     2   --> E    L_3       
     e(  8 -  8) =     13.14887  eV     1   --> A_1  L_1       
     e(  9 - 10) =     13.50026  eV     2   --> E    L_3       
     e( 11 - 11) =     15.24514  eV     1   --> A_1  L_1       
     e( 12 - 12) =     18.10091  eV     1   --> A_1  L_1       
     e( 13 - 14) =     20.97597  eV     2   --> E    L_3       
     e( 15 - 16) =     24.20170  eV     2   --> E    L_3       
     e( 17 - 17) =     24.35580  eV     1   --> A_1  L_1       
     e( 18 - 18) =     26.34341  eV     1   --> A_1  L_1       
     e( 19 - 20) =     30.56555  eV     2   --> E    L_3       

 **************************************************************************

 **************************************************************************

                    xk=(  -0.22500,   0.22500,   0.22500  )

     Band symmetry, C_3v (3m)   point group:

     e(  1 -  1) =     -5.08075  eV     1   --> A_1  L_1       
     e(  2 -  2) =      2.75656  eV     1   --> A_1  L_1       
     e(  3 -  4) =      5.56140  eV     2   --> E    L_3       
     e(  5 -  5) =      8.36336  eV     1   --> A_1  L_1       
     e(  6 -  7) =      9.69282  eV     2   --> E    L_3       
     e(  8 -  8) =     12.72328  eV     1   --> A_1  L_1       
     e(  9 - 10) =     13.39662  eV     2   --> E    L_3       
     e( 11 - 11) =     15.33557  eV     1   --> A_1  L_1       
     e( 12 - 12) =     17.61507  eV     1   --> A_1  L_1       
     e( 13 - 14) =     20.53199  eV     2   --> E    L_3       
     e( 15 - 15) =     24.43301  eV     1   --> A_1  L_1       
     e( 16 - 17) =     24.78685  eV     2   --> E    L_3       
     e( 18 - 18) =     26.19669  eV     1   --> A_1  L_1       
     e( 19 - 20) =     30.52477  eV     2   --> E    L_3       

 **************************************************************************

 **************************************************************************

                    xk=(  -0.20000,   0.20000,   0.20000  )

     Band symmetry, C_3v (3m)   point group:

     e(  1 -  1) =     -5.21466  eV     1   --> A_1  L_1       
     e(  2 -  2) =      3.22301  eV     1   --> A_1  L_1       
     e(  3 -  4) =      5.65507  eV     2   --> E    L_3       
     e(  5 -  5) =      8.46123  eV     1   --> A_1  L_1       
     e(  6 -  7) =      9.60627  eV     2   --> E    L_3       
     e(  8 -  8) =     12.28295  eV     1   --> A_1  L_1       
     e(  9 - 10) =     13.36859  eV     2   --> E    L_3       
     e( 11 - 11) =     15.39499  eV     1   --> A_1  L_1       
     e( 12 - 12) =     17.21784  eV     1   --> A_1  L_1       
     e( 13 - 14) =     20.06299  eV     2   --> E    L_3       
     e( 15 - 15) =     24.17879  eV     1   --> A_1  L_1       
     e( 16 - 17) =     25.44071  eV     2   --> E    L_3       
     e( 18 - 18) =     26.39932  eV     1   --> A_1  L_1       
     e( 19 - 20) =     30.50384  eV     2   --> E    L_3       

 **************************************************************************

 **************************************************************************

                    xk=(  -0.17500,   0.17500,   0.17500  )

     Band symmetry, C_3v (3m)   point group:

     e(  1 -  1) =     -5.33437  eV     1   --> A_1  L_1       
     e(  2 -  2) =      3.69378  eV     1   --> A_1  L_1       
     e(  3 -  4) =      5.75229  eV     2   --> E    L_3       
     e(  5 -  5) =      8.55535  eV     1   --> A_1  L_1       
     e(  6 -  7) =      9.49334  eV     2   --> E    L_3       
     e(  8 -  8) =     11.83314  eV     1   --> A_1  L_1       
     e(  9 - 10) =     13.38480  eV     2   --> E    L_3       
     e( 11 - 11) =     15.36557  eV     1   --> A_1  L_1       
     e( 12 - 12) =     16.96740  eV     1   --> A_1  L_1       
     e( 13 - 14) =     19.58683  eV     2   --> E    L_3       
     e( 15 - 15) =     23.77215  eV     1   --> A_1  L_1       
     e( 16 - 17) =     26.12037  eV     2   --> E    L_3       
     e( 18 - 18) =     26.80486  eV     1   --> A_1  L_1       
     e( 19 - 20) =     30.46040  eV     2   --> E    L_3       

 **************************************************************************

 **************************************************************************

                    xk=(  -0.15000,   0.15000,   0.15000  )

     Band symmetry, C_3v (3m)   point group:

     e(  1 -  1) =     -5.43838  eV     1   --> A_1  L_1       
     e(  2 -  2) =      4.16717  eV     1   --> A_1  L_1       
     e(  3 -  4) =      5.85123  eV     2   --> E    L_3       
     e(  5 -  5) =      8.65356  eV     1   --> A_1  L_1       
     e(  6 -  7) =      9.36361  eV     2   --> E    L_3       
     e(  8 -  8) =     11.38271  eV     1   --> A_1  L_1       
     e(  9 - 10) =     13.45618  eV     2   --> E    L_3       
     e( 11 - 11) =     15.21591  eV     1   --> A_1  L_1       
     e( 12 - 12) =     16.89484  eV     1   --> A_1  L_1       
     e( 13 - 14) =     19.13665  eV     2   --> E    L_3       
     e( 15 - 15) =     23.32655  eV     1   --> A_1  L_1       
     e( 16 - 17) =     26.82131  eV     2   --> E    L_3       
     e( 18 - 18) =     27.28725  eV     1   --> A_1  L_1       
     e( 19 - 20) =     30.43013  eV     2   --> E    L_3       

 **************************************************************************

 **************************************************************************

                    xk=(  -0.12500,   0.12500,   0.12500  )

     Band symmetry, C_3v (3m)   point group:

     e(  1 -  1) =     -5.52723  eV     1   --> A_1  L_1       
     e(  2 -  2) =      4.63560  eV     1   --> A_1  L_1       
     e(  3 -  4) =      5.94849  eV     2   --> E    L_3       
     e(  5 -  5) =      8.74071  eV     1   --> A_1  L_1       
     e(  6 -  7) =      9.22705  eV     2   --> E    L_3       
     e(  8 -  8) =     10.93939  eV     1   --> A_1  L_1       
     e(  9 - 10) =     13.56359  eV     2   --> E    L_3       
     e( 11 - 11) =     14.98527  eV     1   --> A_1  L_1       
     e( 12 - 12) =     16.96205  eV     1   --> A_1  L_1       
     e( 13 - 14) =     18.71158  eV     2   --> E    L_3       
     e( 15 - 15) =     22.89083  eV     1   --> A_1  L_1       
     e( 16 - 17) =     27.51618  eV     2   --> E    L_3       
     e( 18 - 18) =     27.79321  eV     1   --> A_1  L_1       
     e( 19 - 20) =     30.40483  eV     2   --> E    L_3       

 **************************************************************************

 **************************************************************************

                    xk=(  -0.10000,   0.10000,   0.10000  )

     Band symmetry, C_3v (3m)   point group:

     e(  1 -  1) =     -5.60049  eV     1   --> A_1  L_1       
     e(  2 -  2) =      5.09000  eV     1   --> A_1  L_1       
     e(  3 -  4) =      6.03995  eV     2   --> E    L_3       
     e(  5 -  5) =      8.81189  eV     1   --> A_1  L_1       
     e(  6 -  7) =      9.09371  eV     2   --> E    L_3       
     e(  8 -  8) =     10.51506  eV     1   --> A_1  L_1       
     e(  9 - 10) =     13.69177  eV     2   --> E    L_3       
     e( 11 - 11) =     14.73714  eV     1   --> A_1  L_1       
     e( 12 - 12) =     17.09702  eV     1   --> A_1  L_1       
     e( 13 - 14) =     18.32864  eV     2   --> E    L_3       
     e( 15 - 15) =     22.49087  eV     1   --> A_1  L_1       
     e( 16 - 17) =     28.17855  eV     2   --> E    L_3       
     e( 18 - 18) =     28.29591  eV     1   --> A_1  L_1       
     e( 19 - 20) =     30.39941  eV     2   --> E    L_3       

 **************************************************************************

 **************************************************************************

                    xk=(  -0.07500,   0.07500,   0.07500  )

     Band symmetry, C_3v (3m)   point group:

     e(  1 -  1) =     -5.65767  eV     1   --> A_1  L_1       
     e(  2 -  2) =      5.51433  eV     1   --> A_1  L_1       
     e(  3 -  4) =      6.12068  eV     2   --> E    L_3       
     e(  5 -  5) =      8.85638  eV     1   --> A_1  L_1       
     e(  6 -  7) =      8.97485  eV     2   --> E    L_3       
     e(  8 -  8) =     10.13246  eV     1   --> A_1  L_1       
     e(  9 - 10) =     13.82524  eV     2   --> E    L_3       
     e( 11 - 11) =     14.51575  eV     1   --> A_1  L_1       
     e( 12 - 12) =     17.25162  eV     1   --> A_1  L_1       
     e( 13 - 14) =     18.00117  eV     2   --> E    L_3       
     e( 15 - 15) =     22.14657  eV     1   --> A_1  L_1       
     e( 16 - 16) =     28.77356  eV     1   --> A_1  L_1       
     e( 17 - 18) =     28.77984  eV     2   --> E    L_3       
     e( 19 - 20) =     30.42955  eV     2   --> E    L_3       

 **************************************************************************

 **************************************************************************

                    xk=(  -0.05000,   0.05000,   0.05000  )

     Band symmetry, C_3v (3m)   point group:

     e(  1 -  1) =     -5.69861  eV     1   --> A_1  L_1       
     e(  2 -  2) =      5.88074  eV     1   --> A_1  L_1       
     e(  3 -  4) =      6.18478  eV     2   --> E    L_3       
     e(  5 -  5) =      8.86004  eV     1   --> A_1  L_1       
     e(  6 -  7) =      8.88062  eV     2   --> E    L_3       
     e(  8 -  8) =      9.82859  eV     1   --> A_1  L_1       
     e(  9 - 10) =     13.94436  eV     2   --> E    L_3       
     e( 11 - 11) =     14.34484  eV     1   --> A_1  L_1       
     e( 12 - 12) =     17.39130  eV     1   --> A_1  L_1       
     e( 13 - 14) =     17.74572  eV     2   --> E    L_3       
     e( 15 - 15) =     21.87763  eV     1   --> A_1  L_1       
     e( 16 - 16) =     29.19512  eV     1   --> A_1  L_1       
     e( 17 - 18) =     29.25764  eV     2   --> E    L_3       
     e( 19 - 20) =     30.52194  eV     2   --> E    L_3       

 **************************************************************************

 **************************************************************************

                    xk=(  -0.02500,   0.02500,   0.02500  )

     Band symmetry, C_3v (3m)   point group:

     e(  1 -  1) =     -5.72320  eV     1   --> A_1  L_1       
     e(  2 -  2) =      6.14279  eV     1   --> A_1  L_1       
     e(  3 -  4) =      6.22633  eV     2   --> E    L_3       
     e(  5 -  6) =      8.81988  eV     2   --> E    L_3       
     e(  7 -  7) =      8.82448  eV     1   --> A_1  L_1       
     e(  8 -  8) =      9.64393  eV     1   --> A_1  L_1       
     e(  9 - 10) =     14.02804  eV     2   --> E    L_3       
     e( 11 - 11) =     14.23761  eV     1   --> A_1  L_1       
     e( 12 - 12) =     17.48881  eV     1   --> A_1  L_1       
     e( 13 - 14) =     17.58115  eV     2   --> E    L_3       
     e( 15 - 15) =     21.70456  eV     1   --> A_1  L_1       
     e( 16 - 16) =     29.50633  eV     1   --> A_1  L_1       
     e( 17 - 18) =     29.54092  eV     2   --> E    L_3       
     e( 19 - 20) =     30.67672  eV     2   --> E    L_3       

 **************************************************************************

 **************************************************************************

                    xk=(   0.00000,   0.00000,   0.00000  )

     point group O_h (m-3m) 
     there are 10 classes
     the character table:

       E     8C3   3C2   6C4   6C2'  i     8S6   3s_h  6S4   6s_d 
A_1g   1.00  1.00  1.00  1.00  1.00  1.00  1.00  1.00  1.00  1.00
A_2g   1.00  1.00  1.00 -1.00 -1.00  1.00  1.00  1.00 -1.00 -1.00
E_g    2.00 -1.00  2.00  0.00  0.00  2.00 -1.00  2.00  0.00  0.00
T_1g   3.00  0.00 -1.00  1.00 -1.00  3.00  0.00 -1.00  1.00 -1.00
T_2g   3.00  0.00 -1.00 -1.00  1.00  3.00  0.00 -1.00 -1.00  1.00
A_1u   1.00  1.00  1.00  1.00  1.00 -1.00 -1.00 -1.00 -1.00 -1.00
A_2u   1.00  1.00  1.00 -1.00 -1.00 -1.00 -1.00 -1.00  1.00  1.00
E_u    2.00 -1.00  2.00  0.00  0.00 -2.00  1.00 -2.00  0.00  0.00
T_1u   3.00  0.00 -1.00  1.00 -1.00 -3.00  0.00  1.00 -1.00  1.00
T_2u   3.00  0.00 -1.00 -1.00  1.00 -3.00  0.00  1.00  1.00 -1.00

     the symmetry operations in each class and the name of the first element:

     E        1
                                                                 
     8C3     17   19   20   18   24   21   22   23
                                                                 
     3C2      2    4    3
                                                                 
     6C4      7    8   15   16   12   11
                                                                 
     6C2'     5    6   14   13   10    9
                                                                 
     i       25
                                                                 
     8S6     41   43   44   42   48   45   46   47
                                                                 
     3s_h    26   28   27
                                                                 
     6S4     31   32   39   40   36   35
                                                                 
     6s_d    29   30   38   37   34   33
                                                                 

     Band symmetry, O_h (m-3m)  point group:

     e(  1 -  1) =     -5.73218  eV     1   --> A_1g G_1   G_1+
     e(  2 -  4) =      6.23961  eV     3   --> T_2g G_25' G_5+
     e(  5 -  7) =      8.79885  eV     3   --> T_1u G_15  G_4-
     e(  8 -  8) =      9.58589  eV     1   --> A_2u G_2'  G_2-
     e(  9 - 10) =     14.05836  eV     2   --> E_u  G_12' G_3-
     e( 11 - 11) =     14.20010  eV     1   --> A_1g G_1   G_1+
     e( 12 - 14) =     17.52125  eV     3   --> T_2g G_25' G_5+
     e( 15 - 15) =     21.64445  eV     1   --> A_2u G_2'  G_2-
     e( 16 - 18) =     29.60205  eV     3   --> T_2g G_25' G_5+
     e( 19 - 20) =     30.76809  eV     2   --> E_g  G_12  G_3+

 **************************************************************************

 **************************************************************************

                    xk=(  -0.05000,   0.00000,   0.00000  )

     point group C_4v (4mm) 
     there are  5 classes
     the character table:

       E     2C4   C2    2s_v  2s_d 
A_1    1.00  1.00  1.00  1.00  1.00
A_2    1.00  1.00  1.00 -1.00 -1.00
B_1    1.00 -1.00  1.00  1.00 -1.00
B_2    1.00 -1.00  1.00 -1.00  1.00
E      2.00  0.00 -2.00  0.00  0.00

     the symmetry operations in each class and the name of the first element:

     E        1
                                                                 
     2C4      3    4
                                                                 
     C2       2
                                                                 
     2s_v     5    6
                                                                 
     2s_d     7    8
                                                                 

     Band symmetry, C_4v (4mm)  point group:

     e(  1 -  1) =     -5.72047  eV     1   --> A_1  G_1 D_1   
     e(  2 -  2) =      6.16588  eV     1   --> B_2  G_4 D_2'  
     e(  3 -  4) =      6.19332  eV     2   --> E    G_5 D_5   
     e(  5 -  5) =      8.77191  eV     1   --> A_1  G_1 D_1   
     e(  6 -  7) =      8.85991  eV     2   --> E    G_5 D_5   
     e(  8 -  8) =      9.65897  eV     1   --> B_2  G_4 D_2'  
     e(  9 -  9) =     13.96647  eV     1   --> B_2  G_4 D_2'  
     e( 10 - 10) =     14.07055  eV     1   --> A_2  G_2 D_1'  
     e( 11 - 11) =     14.24973  eV     1   --> A_1  G_1 D_1   
     e( 12 - 13) =     17.54327  eV     2   --> E    G_5 D_5   
     e( 14 - 14) =     17.58917  eV     1   --> B_2  G_4 D_2'  
     e( 15 - 15) =     21.72517  eV     1   --> B_2  G_4 D_2'  
     e( 16 - 17) =     29.43920  eV     2   --> E    G_5 D_5   
     e( 18 - 18) =     29.63894  eV     1   --> B_2  G_4 D_2'  
     e( 19 - 19) =     30.61667  eV     1   --> B_1  G_3 D_2   
     e( 20 - 20) =     30.64832  eV     1   --> A_1  G_1 D_1   

 **************************************************************************

 **************************************************************************

                    xk=(  -0.10000,   0.00000,   0.00000  )

     Band symmetry, C_4v (4mm)  point group:

     e(  1 -  1) =     -5.68767  eV     1   --> A_1  G_1 D_1   
     e(  2 -  2) =      5.95940  eV     1   --> B_2  G_4 D_2'  
     e(  3 -  4) =      6.06321  eV     2   --> E    G_5 D_5   
     e(  5 -  5) =      8.69422  eV     1   --> A_1  G_1 D_1   
     e(  6 -  7) =      9.03078  eV     2   --> E    G_5 D_5   
     e(  8 -  8) =      9.85682  eV     1   --> B_2  G_4 D_2'  
     e(  9 -  9) =     13.72125  eV     1   --> B_2  G_4 D_2'  
     e( 10 - 10) =     14.10714  eV     1   --> A_2  G_2 D_1'  
     e( 11 - 11) =     14.39232  eV     1   --> A_1  G_1 D_1   
     e( 12 - 13) =     17.60112  eV     2   --> E    G_5 D_5   
     e( 14 - 14) =     17.76064  eV     1   --> B_2  G_4 D_2'  
     e( 15 - 15) =     21.96379  eV     1   --> B_2  G_4 D_2'  
     e( 16 - 17) =     28.97308  eV     2   --> E    G_5 D_5   
     e( 18 - 18) =     29.67937  eV     1   --> B_2  G_4 D_2'  
     e( 19 - 19) =     30.21213  eV     1   --> B_1  G_3 D_2   
     e( 20 - 20) =     30.35387  eV     1   --> A_1  G_1 D_1   

 **************************************************************************

 **************************************************************************

                    xk=(  -0.15000,   0.00000,   0.00000  )

     Band symmetry, C_4v (4mm)  point group:

     e(  1 -  1) =     -5.63301  eV     1   --> A_1  G_1 D_1   
     e(  2 -  2) =      5.65908  eV     1   --> B_2  G_4 D_2'  
     e(  3 -  4) =      5.87685  eV     2   --> E    G_5 D_5   
     e(  5 -  5) =      8.57422  eV     1   --> A_1  G_1 D_1   
     e(  6 -  7) =      9.28487  eV     2   --> E    G_5 D_5   
     e(  8 -  8) =     10.12978  eV     1   --> B_2  G_4 D_2'  
     e(  9 -  9) =     13.39099  eV     1   --> B_2  G_4 D_2'  
     e( 10 - 10) =     14.16811  eV     1   --> A_2  G_2 D_1'  
     e( 11 - 11) =     14.62017  eV     1   --> A_1  G_1 D_1   
     e( 12 - 13) =     17.69743  eV     2   --> E    G_5 D_5   
     e( 14 - 14) =     17.99113  eV     1   --> B_2  G_4 D_2'  
     e( 15 - 15) =     22.35016  eV     1   --> B_2  G_4 D_2'  
     e( 16 - 17) =     28.36899  eV     2   --> E    G_5 D_5   
     e( 18 - 18) =     29.64839  eV     1   --> B_1  G_3 D_2   
     e( 19 - 19) =     29.74842  eV     1   --> B_2  G_4 D_2'  
     e( 20 - 20) =     29.97015  eV     1   --> A_1  G_1 D_1   

 **************************************************************************

 **************************************************************************

                    xk=(  -0.20000,   0.00000,   0.00000  )

     Band symmetry, C_4v (4mm)  point group:

     e(  1 -  1) =     -5.55657  eV     1   --> A_1  G_1 D_1   
     e(  2 -  2) =      5.29920  eV     1   --> B_2  G_4 D_2'  
     e(  3 -  4) =      5.65907  eV     2   --> E    G_5 D_5   
     e(  5 -  5) =      8.42290  eV     1   --> A_1  G_1 D_1   
     e(  6 -  7) =      9.59706  eV     2   --> E    G_5 D_5   
     e(  8 -  8) =     10.41462  eV     1   --> B_2  G_4 D_2'  
     e(  9 -  9) =     13.05518  eV     1   --> B_2  G_4 D_2'  
     e( 10 - 10) =     14.25346  eV     1   --> A_2  G_2 D_1'  
     e( 11 - 11) =     14.92175  eV     1   --> A_1  G_1 D_1   
     e( 12 - 13) =     17.83189  eV     2   --> E    G_5 D_5   
     e( 14 - 14) =     18.24569  eV     1   --> B_2  G_4 D_2'  
     e( 15 - 15) =     22.86665  eV     1   --> B_2  G_4 D_2'  
     e( 16 - 17) =     27.70437  eV     2   --> E    G_5 D_5   
     e( 18 - 18) =     28.99851  eV     1   --> B_1  G_3 D_2   
     e( 19 - 19) =     29.53948  eV     1   --> A_1  G_1 D_1   
     e( 20 - 20) =     29.84768  eV     1   --> B_2  G_4 D_2'  

 **************************************************************************

 **************************************************************************

                    xk=(  -0.25000,   0.00000,   0.00000  )

     Band symmetry, C_4v (4mm)  point group:

     e(  1 -  1) =     -5.45889  eV     1   --> A_1  G_1 D_1   
     e(  2 -  2) =      4.90246  eV     1   --> B_2  G_4 D_2'  
     e(  3 -  4) =      5.42735  eV     2   --> E    G_5 D_5   
     e(  5 -  5) =      8.25011  eV     1   --> A_1  G_1 D_1   
     e(  6 -  7) =      9.94898  eV     2   --> E    G_5 D_5   
     e(  8 -  8) =     10.62198  eV     1   --> B_2  G_4 D_2'  
     e(  9 -  9) =     12.80724  eV     1   --> B_2  G_4 D_2'  
     e( 10 - 10) =     14.36316  eV     1   --> A_2  G_2 D_1'  
     e( 11 - 11) =     15.28495  eV     1   --> A_1  G_1 D_1   
     e( 12 - 13) =     18.00367  eV     2   --> E    G_5 D_5   
     e( 14 - 14) =     18.50384  eV     1   --> B_2  G_4 D_2'  
     e( 15 - 15) =     23.48986  eV     1   --> B_2  G_4 D_2'  
     e( 16 - 17) =     27.01362  eV     2   --> E    G_5 D_5   
     e( 18 - 18) =     28.30578  eV     1   --> B_1  G_3 D_2   
     e( 19 - 19) =     29.06980  eV     1   --> A_1  G_1 D_1   
     e( 20 - 20) =     29.97962  eV     1   --> B_2  G_4 D_2'  

 **************************************************************************

 **************************************************************************

                    xk=(  -0.30000,   0.00000,   0.00000  )

     Band symmetry, C_4v (4mm)  point group:

     e(  1 -  1) =     -5.33929  eV     1   --> A_1  G_1 D_1   
     e(  2 -  2) =      4.48402  eV     1   --> B_2  G_4 D_2'  
     e(  3 -  4) =      5.19302  eV     2   --> E    G_5 D_5   
     e(  5 -  5) =      8.06800  eV     1   --> A_1  G_1 D_1   
     e(  6 -  7) =     10.32968  eV     2   --> E    G_5 D_5   
     e(  8 -  8) =     10.64791  eV     1   --> B_2  G_4 D_2'  
     e(  9 -  9) =     12.77335  eV     1   --> B_2  G_4 D_2'  
     e( 10 - 10) =     14.49720  eV     1   --> A_2  G_2 D_1'  
     e( 11 - 11) =     15.69890  eV     1   --> A_1  G_1 D_1   
     e( 12 - 13) =     18.21202  eV     2   --> E    G_5 D_5   
     e( 14 - 14) =     18.77433  eV     1   --> B_2  G_4 D_2'  
     e( 15 - 15) =     24.19511  eV     1   --> B_2  G_4 D_2'  
     e( 16 - 17) =     26.32122  eV     2   --> E    G_5 D_5   
     e( 18 - 18) =     27.59451  eV     1   --> B_1  G_3 D_2   
     e( 19 - 19) =     28.59846  eV     1   --> A_1  G_1 D_1   
     e( 20 - 20) =     30.14863  eV     1   --> B_2  G_4 D_2'  

 **************************************************************************

 **************************************************************************

                    xk=(  -0.35000,   0.00000,   0.00000  )

     Band symmetry, C_4v (4mm)  point group:

     e(  1 -  1) =     -5.19909  eV     1   --> A_1  G_1 D_1   
     e(  2 -  2) =      4.04993  eV     1   --> B_2  G_4 D_2'  
     e(  3 -  4) =      4.96278  eV     2   --> E    G_5 D_5   
     e(  5 -  5) =      7.88354  eV     1   --> A_1  G_1 D_1   
     e(  6 -  6) =     10.46397  eV     1   --> B_2  G_4 D_2'  
     e(  7 -  8) =     10.72748  eV     2   --> E    G_5 D_5   
     e(  9 -  9) =     12.98210  eV     1   --> B_2  G_4 D_2'  
     e( 10 - 10) =     14.65010  eV     1   --> A_2  G_2 D_1'  
     e( 11 - 11) =     16.15332  eV     1   --> A_1  G_1 D_1   
     e( 12 - 13) =     18.44971  eV     2   --> E    G_5 D_5   
     e( 14 - 14) =     19.05908  eV     1   --> B_2  G_4 D_2'  
     e( 15 - 15) =     24.95718  eV     1   --> B_2  G_4 D_2'  
     e( 16 - 17) =     25.62670  eV     2   --> E    G_5 D_5   
     e( 18 - 18) =     26.86336  eV     1   --> B_1  G_3 D_2   
     e( 19 - 19) =     28.11876  eV     1   --> A_1  G_1 D_1   
     e( 20 - 20) =     30.35758  eV     1   --> B_2  G_4 D_2'  

 **************************************************************************

 **************************************************************************

                    xk=(  -0.40000,   0.00000,   0.00000  )

     Band symmetry, C_4v (4mm)  point group:

     e(  1 -  1) =     -5.03702  eV     1   --> A_1  G_1 D_1   
     e(  2 -  2) =      3.60906  eV     1   --> B_2  G_4 D_2'  
     e(  3 -  4) =      4.74195  eV     2   --> E    G_5 D_5   
     e(  5 -  5) =      7.70328  eV     1   --> A_1  G_1 D_1   
     e(  6 -  6) =     10.14364  eV     1   --> B_2  G_4 D_2'  
     e(  7 -  8) =     11.14420  eV     2   --> E    G_5 D_5   
     e(  9 -  9) =     13.35529  eV     1   --> B_2  G_4 D_2'  
     e( 10 - 10) =     14.83240  eV     1   --> A_2  G_2 D_1'  
     e( 11 - 11) =     16.63965  eV     1   --> A_1  G_1 D_1   
     e( 12 - 13) =     18.72205  eV     2   --> E    G_5 D_5   
     e( 14 - 14) =     19.35888  eV     1   --> B_2  G_4 D_2'  
     e( 15 - 16) =     24.96170  eV     2   --> E    G_5 D_5   
     e( 17 - 17) =     25.75171  eV     1   --> B_2  G_4 D_2'  
     e( 18 - 18) =     26.15157  eV     1   --> B_1  G_3 D_2   
     e( 19 - 19) =     27.63808  eV     1   --> A_1  G_1 D_1   
     e( 20 - 20) =     30.62263  eV     1   --> B_2  G_4 D_2'  

 **************************************************************************

 **************************************************************************

                    xk=(  -0.45000,   0.00000,   0.00000  )

     Band symmetry, C_4v (4mm)  point group:

     e(  1 -  1) =     -4.85406  eV     1   --> A_1  G_1 D_1   
     e(  2 -  2) =      3.16306  eV     1   --> B_2  G_4 D_2'  
     e(  3 -  4) =      4.53317  eV     2   --> E    G_5 D_5   
     e(  5 -  5) =      7.53213  eV     1   --> A_1  G_1 D_1   
     e(  6 -  6) =      9.77187  eV     1   --> B_2  G_4 D_2'  
     e(  7 -  8) =     11.57319  eV     2   --> E    G_5 D_5   
     e(  9 -  9) =     13.81380  eV     1   --> B_2  G_4 D_2'  
     e( 10 - 10) =     15.03891  eV     1   --> A_2  G_2 D_1'  
     e( 11 - 11) =     17.14879  eV     1   --> A_1  G_1 D_1   
     e( 12 - 13) =     19.01740  eV     2   --> E    G_5 D_5   
     e( 14 - 14) =     19.68148  eV     1   --> B_2  G_4 D_2'  
     e( 15 - 16) =     24.32606  eV     2   --> E    G_5 D_5   
     e( 17 - 17) =     25.44903  eV     1   --> B_1  G_3 D_2   
     e( 18 - 18) =     26.55230  eV     1   --> B_2  G_4 D_2'  
     e( 19 - 19) =     27.16385  eV     1   --> A_1  G_1 D_1   
     e( 20 - 20) =     30.95465  eV     1   --> B_2  G_4 D_2'  

 **************************************************************************

 **************************************************************************

                    xk=(  -0.50000,   0.00000,   0.00000  )

     Band symmetry, C_4v (4mm)  point group:

     e(  1 -  1) =     -4.65007  eV     1   --> A_1  G_1 D_1   
     e(  2 -  2) =      2.71468  eV     1   --> B_2  G_4 D_2'  
     e(  3 -  4) =      4.33867  eV     2   --> E    G_5 D_5   
     e(  5 -  5) =      7.37476  eV     1   --> A_1  G_1 D_1   
     e(  6 -  6) =      9.39310  eV     1   --> B_2  G_4 D_2'  
     e(  7 -  8) =     12.01419  eV     2   --> E    G_5 D_5   
     e(  9 -  9) =     14.31563  eV     1   --> B_2  G_4 D_2'  
     e( 10 - 10) =     15.26960  eV     1   --> A_2  G_2 D_1'  
     e( 11 - 11) =     17.67116  eV     1   --> A_1  G_1 D_1   
     e( 12 - 13) =     19.32709  eV     2   --> E    G_5 D_5   
     e( 14 - 14) =     20.03338  eV     1   --> B_2  G_4 D_2'  
     e( 15 - 16) =     23.74225  eV     2   --> E    G_5 D_5   
     e( 17 - 17) =     24.75934  eV     1   --> B_1  G_3 D_2   
     e( 18 - 18) =     26.70871  eV     1   --> A_1  G_1 D_1   
     e( 19 - 19) =     27.33062  eV     1   --> B_2  G_4 D_2'  
     e( 20 - 20) =     31.37485  eV     1   --> B_2  G_4 D_2'  

 **************************************************************************

 **************************************************************************

                    xk=(  -0.55000,   0.00000,   0.00000  )

     Band symmetry, C_4v (4mm)  point group:

     e(  1 -  1) =     -4.42627  eV     1   --> A_1  G_1 D_1   
     e(  2 -  2) =      2.26321  eV     1   --> B_2  G_4 D_2'  
     e(  3 -  4) =      4.15974  eV     2   --> E    G_5 D_5   
     e(  5 -  5) =      7.23258  eV     1   --> A_1  G_1 D_1   
     e(  6 -  6) =      9.02263  eV     1   --> B_2  G_4 D_2'  
     e(  7 -  8) =     12.45811  eV     2   --> E    G_5 D_5   
     e(  9 -  9) =     14.83800  eV     1   --> B_2  G_4 D_2'  
     e( 10 - 10) =     15.51463  eV     1   --> A_2  G_2 D_1'  
     e( 11 - 11) =     18.19493  eV     1   --> A_1  G_1 D_1   
     e( 12 - 13) =     19.61367  eV     2   --> E    G_5 D_5   
     e( 14 - 14) =     20.41459  eV     1   --> B_2  G_4 D_2'  
     e( 15 - 16) =     23.22491  eV     2   --> E    G_5 D_5   
     e( 17 - 17) =     24.08501  eV     1   --> B_1  G_3 D_2   
     e( 18 - 18) =     26.27431  eV     1   --> A_1  G_1 D_1   
     e( 19 - 19) =     28.05513  eV     1   --> B_2  G_4 D_2'  
     e( 20 - 20) =     31.89664  eV     1   --> B_2  G_4 D_2'  

 **************************************************************************

 **************************************************************************

                    xk=(  -0.60000,   0.00000,   0.00000  )

     Band symmetry, C_4v (4mm)  point group:

     e(  1 -  1) =     -4.18260  eV     1   --> A_1  G_1 D_1   
     e(  2 -  2) =      1.81377  eV     1   --> B_2  G_4 D_2'  
     e(  3 -  4) =      3.99762  eV     2   --> E    G_5 D_5   
     e(  5 -  5) =      7.10880  eV     1   --> A_1  G_1 D_1   
     e(  6 -  6) =      8.67338  eV     1   --> B_2  G_4 D_2'  
     e(  7 -  8) =     12.91171  eV     2   --> E    G_5 D_5   
     e(  9 -  9) =     15.37207  eV     1   --> B_2  G_4 D_2'  
     e( 10 - 10) =     15.79300  eV     1   --> A_2  G_2 D_1'  
     e( 11 - 11) =     18.70442  eV     1   --> A_1  G_1 D_1   
     e( 12 - 13) =     19.82718  eV     2   --> E    G_5 D_5   
     e( 14 - 14) =     20.82985  eV     1   --> B_2  G_4 D_2'  
     e( 15 - 16) =     22.83825  eV     2   --> E    G_5 D_5   
     e( 17 - 17) =     23.42786  eV     1   --> B_1  G_3 D_2   
     e( 18 - 18) =     25.88011  eV     1   --> A_1  G_1 D_1   
     e( 19 - 19) =     28.70261  eV     1   --> B_2  G_4 D_2'  
     e( 20 - 20) =     31.93308  eV     1   --> A_1  G_1 D_1   

 **************************************************************************

 **************************************************************************

                    xk=(  -0.65000,   0.00000,   0.00000  )

     Band symmetry, C_4v (4mm)  point group:

     e(  1 -  1) =     -3.91871  eV     1   --> A_1  G_1 D_1   
     e(  2 -  2) =      1.36632  eV     1   --> B_2  G_4 D_2'  
     e(  3 -  4) =      3.85326  eV     2   --> E    G_5 D_5   
     e(  5 -  5) =      7.00684  eV     1   --> A_1  G_1 D_1   
     e(  6 -  6) =      8.35083  eV     1   --> B_2  G_4 D_2'  
     e(  7 -  8) =     13.37152  eV     2   --> E    G_5 D_5   
     e(  9 -  9) =     15.90841  eV     1   --> B_2  G_4 D_2'  
     e( 10 - 10) =     16.09532  eV     1   --> A_2  G_2 D_1'  
     e( 11 - 11) =     19.17796  eV     1   --> A_1  G_1 D_1   
     e( 12 - 13) =     19.88609  eV     2   --> E    G_5 D_5   
     e( 14 - 14) =     21.28131  eV     1   --> B_2  G_4 D_2'  
     e( 15 - 16) =     22.66717  eV     2   --> E    G_5 D_5   
     e( 17 - 17) =     22.78937  eV     1   --> B_1  G_3 D_2   
     e( 18 - 18) =     25.55771  eV     1   --> A_1  G_1 D_1   
     e( 19 - 19) =     29.26397  eV     1   --> B_2  G_4 D_2'  
     e( 20 - 20) =     31.34316  eV     1   --> A_1  G_1 D_1   

 **************************************************************************

 **************************************************************************

                    xk=(  -0.70000,   0.00000,   0.00000  )

     Band symmetry, C_4v (4mm)  point group:

     e(  1 -  1) =     -3.63680  eV     1   --> A_1  G_1 D_1   
     e(  2 -  2) =      0.92232  eV     1   --> B_2  G_4 D_2'  
     e(  3 -  4) =      3.72700  eV     2   --> E    G_5 D_5   
     e(  5 -  5) =      6.92555  eV     1   --> A_1  G_1 D_1   
     e(  6 -  6) =      8.05794  eV     1   --> B_2  G_4 D_2'  
     e(  7 -  8) =     13.83644  eV     2   --> E    G_5 D_5   
     e(  9 -  9) =     16.42153  eV     1   -->   ?
     e( 10 - 10) =     16.44109  eV     1   -->   ?
     e( 11 - 11) =     19.58364  eV     1   --> A_1  G_1 D_1   
     e( 12 - 13) =     19.72548  eV     2   --> E    G_5 D_5   
     e( 14 - 14) =     21.77016  eV     1   --> B_2  G_4 D_2'  
     e( 15 - 15) =     22.17027  eV     1   --> B_1  G_3 D_2   
     e( 16 - 17) =     22.76833  eV     2   --> E    G_5 D_5   
     e( 18 - 18) =     25.31149  eV     1   --> A_1  G_1 D_1   
     e( 19 - 19) =     29.74514  eV     1   --> B_2  G_4 D_2'  
     e( 20 - 20) =     30.61556  eV     1   --> A_1  G_1 D_1   

 **************************************************************************

 **************************************************************************

                    xk=(  -0.75000,   0.00000,   0.00000  )

     Band symmetry, C_4v (4mm)  point group:

     e(  1 -  1) =     -3.33664  eV     1   --> A_1  G_1 D_1   
     e(  2 -  2) =      0.48481  eV     1   --> B_2  G_4 D_2'  
     e(  3 -  4) =      3.61950  eV     2   --> E    G_5 D_5   
     e(  5 -  5) =      6.86603  eV     1   --> A_1  G_1 D_1   
     e(  6 -  6) =      7.79781  eV     1   --> B_2  G_4 D_2'  
     e(  7 -  8) =     14.30802  eV     2   --> E    G_5 D_5   
     e(  9 -  9) =     16.77431  eV     1   --> A_2  G_2 D_1'  
     e( 10 - 10) =     16.96508  eV     1   --> B_2  G_4 D_2'  
     e( 11 - 12) =     19.38786  eV     2   --> E    G_5 D_5   
     e( 13 - 13) =     19.88224  eV     1   --> A_1  G_1 D_1   
     e( 14 - 14) =     21.56883  eV     1   --> B_1  G_3 D_2   
     e( 15 - 15) =     22.29637  eV     1   --> B_2  G_4 D_2'  
     e( 16 - 17) =     23.10051  eV     2   --> E    G_5 D_5   
     e( 18 - 18) =     25.18812  eV     1   --> A_1  G_1 D_1   
     e( 19 - 19) =     29.84062  eV     1   --> A_1  G_1 D_1   
     e( 20 - 20) =     30.16413  eV     1   --> B_2  G_4 D_2'  

 **************************************************************************

 **************************************************************************

                    xk=(  -0.80000,   0.00000,   0.00000  )

     Band symmetry, C_4v (4mm)  point group:

     e(  1 -  1) =     -3.01882  eV     1   --> A_1  G_1 D_1   
     e(  2 -  2) =      0.05192  eV     1   --> B_2  G_4 D_2'  
     e(  3 -  4) =      3.53113  eV     2   --> E    G_5 D_5   
     e(  5 -  5) =      6.83244  eV     1   --> A_1  G_1 D_1   
     e(  6 -  6) =      7.56796  eV     1   --> B_2  G_4 D_2'  
     e(  7 -  8) =     14.78037  eV     2   --> E    G_5 D_5   
     e(  9 -  9) =     17.14792  eV     1   --> A_2  G_2 D_1'  
     e( 10 - 10) =     17.47636  eV     1   --> B_2  G_4 D_2'  
     e( 11 - 12) =     18.95574  eV     2   --> E    G_5 D_5   
     e( 13 - 13) =     20.03929  eV     1   --> A_1  G_1 D_1   
     e( 14 - 14) =     20.99083  eV     1   --> B_1  G_3 D_2   
     e( 15 - 15) =     22.85826  eV     1   --> B_2  G_4 D_2'  
     e( 16 - 17) =     23.58465  eV     2   --> E    G_5 D_5   
     e( 18 - 18) =     25.21330  eV     1   --> A_1  G_1 D_1   
     e( 19 - 19) =     29.08277  eV     1   --> A_1  G_1 D_1   
     e( 20 - 20) =     29.56585  eV     1   -->   ?

 **************************************************************************

 **************************************************************************

                    xk=(  -0.85000,   0.00000,   0.00000  )

     Band symmetry, C_4v (4mm)  point group:

     e(  1 -  1) =     -2.68451  eV     1   --> A_1  G_1 D_1   
     e(  2 -  2) =     -0.37232  eV     1   --> B_2  G_4 D_2'  
     e(  3 -  4) =      3.46212  eV     2   --> E    G_5 D_5   
     e(  5 -  5) =      6.82283  eV     1   --> A_1  G_1 D_1   
     e(  6 -  6) =      7.36806  eV     1   --> B_2  G_4 D_2'  
     e(  7 -  8) =     15.25253  eV     2   --> E    G_5 D_5   
     e(  9 -  9) =     17.56617  eV     1   --> A_2  G_2 D_1'  
     e( 10 - 10) =     17.97554  eV     1   --> B_2  G_4 D_2'  
     e( 11 - 12) =     18.48270  eV     2   --> E    G_5 D_5   
     e( 13 - 13) =     20.03590  eV     1   --> A_1  G_1 D_1   
     e( 14 - 14) =     20.43332  eV     1   --> B_1  G_3 D_2   
     e( 15 - 15) =     23.44336  eV     1   --> B_2  G_4 D_2'  
     e( 16 - 17) =     24.16332  eV     2   --> E    G_5 D_5   
     e( 18 - 18) =     25.37790  eV     1   --> A_1  G_1 D_1   
     e( 19 - 19) =     28.35309  eV     1   --> A_1  G_1 D_1   
     e( 20 - 20) =     28.72193  eV     1   -->   ?

 **************************************************************************

 **************************************************************************

                    xk=(  -0.90000,   0.00000,   0.00000  )

     Band symmetry, C_4v (4mm)  point group:

     e(  1 -  1) =     -2.33360  eV     1   --> A_1  G_1 D_1   
     e(  2 -  2) =     -0.78833  eV     1   --> B_2  G_4 D_2'  
     e(  3 -  4) =      3.41269  eV     2   --> E    G_5 D_5   
     e(  5 -  5) =      6.84152  eV     1   --> A_1  G_1 D_1   
     e(  6 -  6) =      7.20183  eV     1   --> B_2  G_4 D_2'  
     e(  7 -  8) =     15.71304  eV     2   --> E    G_5 D_5   
     e(  9 -  9) =     17.98656  eV     1   --> A_2  G_2 D_1'  
     e( 10 - 11) =     18.01046  eV     2   --> E    G_5 D_5   
     e( 12 - 12) =     18.44603  eV     1   --> B_2  G_4 D_2'  
     e( 13 - 13) =     19.88929  eV     1   --> A_1  G_1 D_1   
     e( 14 - 14) =     19.89879  eV     1   --> B_1  G_3 D_2   
     e( 15 - 15) =     24.05828  eV     1   --> B_2  G_4 D_2'  
     e( 16 - 17) =     24.80853  eV     2   --> E    G_5 D_5   
     e( 18 - 18) =     25.58840  eV     1   --> A_1  G_1 D_1   
     e( 19 - 19) =     27.77220  eV     1   --> A_1  G_1 D_1   
     e( 20 - 20) =     27.89093  eV     1   -->   ?

 **************************************************************************

 **************************************************************************

                    xk=(  -0.95000,   0.00000,   0.00000  )

     Band symmetry, C_4v (4mm)  point group:

     e(  1 -  1) =     -1.96747  eV     1   --> A_1  G_1 D_1   
     e(  2 -  2) =     -1.19362  eV     1   --> B_2  G_4 D_2'  
     e(  3 -  4) =      3.38298  eV     2   --> E    G_5 D_5   
     e(  5 -  5) =      6.88805  eV     1   --> A_1  G_1 D_1   
     e(  6 -  6) =      7.06823  eV     1   --> B_2  G_4 D_2'  
     e(  7 -  8) =     16.12617  eV     2   --> E    G_5 D_5   
     e(  9 - 10) =     17.58630  eV     2   --> E    G_5 D_5   
     e( 11 - 11) =     18.43022  eV     1   --> A_2  G_2 D_1'  
     e( 12 - 12) =     18.88693  eV     1   --> B_2  G_4 D_2'  
     e( 13 - 13) =     19.38657  eV     1   --> B_1  G_3 D_2   
     e( 14 - 14) =     19.62889  eV     1   --> A_1  G_1 D_1   
     e( 15 - 15) =     24.68406  eV     1   --> B_2  G_4 D_2'  
     e( 16 - 17) =     25.49397  eV     2   --> E    G_5 D_5   
     e( 18 - 18) =     25.60729  eV     1   --> A_1  G_1 D_1   
     e( 19 - 20) =     27.09695  eV     2   --> E    G_5 D_5   

 **************************************************************************

 **************************************************************************

                    xk=(  -1.00000,   0.00000,   0.00000  )

     zone border point and non-symmorphic group 
     symmetry decomposition not available

 **************************************************************************

 **************************************************************************

                    xk=(  -0.98750,   0.03750,   0.00000  )

     point group C_s (m)    
     there are  2 classes
     the character table:

       E     s    
A'     1.00  1.00
A''    1.00 -1.00

     the symmetry operations in each class and the name of the first element:

     E        1
                                                                 
     s        2
                                                                 

     Band symmetry, C_s (m)     point group:

     e(  1 -  1) =     -1.68120  eV     1   --> A'             
     e(  2 -  2) =     -1.48804  eV     1   --> A''            
     e(  3 -  3) =      3.35461  eV     1   --> A'             
     e(  4 -  4) =      3.35547  eV     1   --> A''            
     e(  5 -  5) =      6.97622  eV     1   --> A'             
     e(  6 -  6) =      7.02071  eV     1   --> A''            
     e(  7 -  7) =     16.24964  eV     1   --> A''            
     e(  8 -  8) =     16.28081  eV     1   --> A'             
     e(  9 -  9) =     17.28640  eV     1   --> A'             
     e( 10 - 10) =     17.31985  eV     1   --> A''            
     e( 11 - 11) =     18.83832  eV     1   --> A''            
     e( 12 - 12) =     19.07746  eV     1   --> A'             
     e( 13 - 13) =     19.27638  eV     1   --> A''            
     e( 14 - 14) =     19.46586  eV     1   --> A'             
     e( 15 - 15) =     25.00259  eV     1   --> A''            
     e( 16 - 16) =     25.27169  eV     1   --> A'             
     e( 17 - 17) =     25.93760  eV     1   --> A'             
     e( 18 - 18) =     26.03315  eV     1   --> A''            
     e( 19 - 19) =     26.61985  eV     1   --> A''            
     e( 20 - 20) =     26.68665  eV     1   --> A'             

 **************************************************************************

 **************************************************************************

                    xk=(  -0.97500,   0.07500,   0.00000  )

     Band symmetry, C_s (m)     point group:

     e(  1 -  1) =     -1.76930  eV     1   --> A'             
     e(  2 -  2) =     -1.38576  eV     1   --> A''            
     e(  3 -  3) =      3.30021  eV     1   --> A'             
     e(  4 -  4) =      3.30683  eV     1   --> A''            
     e(  5 -  5) =      7.05809  eV     1   --> A'             
     e(  6 -  6) =      7.14452  eV     1   --> A''            
     e(  7 -  7) =     15.95046  eV     1   --> A''            
     e(  8 -  8) =     16.15182  eV     1   --> A'             
     e(  9 -  9) =     17.06941  eV     1   --> A'             
     e( 10 - 10) =     17.28128  eV     1   --> A''            
     e( 11 - 11) =     18.79449  eV     1   --> A''            
     e( 12 - 12) =     19.26398  eV     1   --> A'             
     e( 13 - 13) =     19.45109  eV     1   --> A''            
     e( 14 - 14) =     19.85465  eV     1   --> A'             
     e( 15 - 15) =     24.59521  eV     1   --> A''            
     e( 16 - 16) =     25.17690  eV     1   --> A'             
     e( 17 - 17) =     25.70917  eV     1   --> A'             
     e( 18 - 18) =     26.09425  eV     1   --> A''            
     e( 19 - 19) =     26.78244  eV     1   --> A''            
     e( 20 - 20) =     26.99912  eV     1   --> A'             

 **************************************************************************

 **************************************************************************

                    xk=(  -0.96250,   0.11250,   0.00000  )

     Band symmetry, C_s (m)     point group:

     e(  1 -  1) =     -1.85091  eV     1   --> A'             
     e(  2 -  2) =     -1.28120  eV     1   --> A''            
     e(  3 -  3) =      3.21457  eV     1   --> A'             
     e(  4 -  4) =      3.23583  eV     1   --> A''            
     e(  5 -  5) =      7.20373  eV     1   --> A'             
     e(  6 -  6) =      7.32743  eV     1   --> A''            
     e(  7 -  7) =     15.48585  eV     1   --> A''            
     e(  8 -  8) =     15.96726  eV     1   --> A'             
     e(  9 -  9) =     16.80611  eV     1   --> A'             
     e( 10 - 10) =     17.32316  eV     1   --> A''            
     e( 11 - 11) =     18.72768  eV     1   --> A''            
     e( 12 - 12) =     19.40515  eV     1   --> A'             
     e( 13 - 13) =     19.75193  eV     1   --> A''            
     e( 14 - 14) =     20.39065  eV     1   --> A'             
     e( 15 - 15) =     24.14295  eV     1   --> A''            
     e( 16 - 16) =     25.01946  eV     1   --> A'             
     e( 17 - 17) =     25.47233  eV     1   --> A'             
     e( 18 - 18) =     26.18477  eV     1   --> A''            
     e( 19 - 19) =     26.96609  eV     1   --> A''            
     e( 20 - 20) =     27.22251  eV     1   --> A'             

 **************************************************************************

 **************************************************************************

                    xk=(  -0.95000,   0.15000,   0.00000  )

     Band symmetry, C_s (m)     point group:

     e(  1 -  1) =     -1.92507  eV     1   --> A'             
     e(  2 -  2) =     -1.17717  eV     1   --> A''            
     e(  3 -  3) =      3.10510  eV     1   --> A'             
     e(  4 -  4) =      3.15268  eV     1   --> A''            
     e(  5 -  5) =      7.40490  eV     1   --> A'             
     e(  6 -  6) =      7.56130  eV     1   --> A''            
     e(  7 -  7) =     14.94037  eV     1   --> A''            
     e(  8 -  8) =     15.72709  eV     1   --> A'             
     e(  9 -  9) =     16.55942  eV     1   --> A'             
     e( 10 - 10) =     17.40447  eV     1   --> A''            
     e( 11 - 11) =     18.65036  eV     1   --> A''            
     e( 12 - 12) =     19.53601  eV     1   --> A'             
     e( 13 - 13) =     20.10579  eV     1   --> A''            
     e( 14 - 14) =     20.98629  eV     1   --> A'             
     e( 15 - 15) =     23.69212  eV     1   --> A''            
     e( 16 - 16) =     24.80657  eV     1   --> A'             
     e( 17 - 17) =     25.29493  eV     1   --> A'             
     e( 18 - 18) =     26.27064  eV     1   --> A''            
     e( 19 - 19) =     27.17333  eV     1   --> A''            
     e( 20 - 20) =     27.35149  eV     1   --> A'             

 **************************************************************************

 **************************************************************************

                    xk=(  -0.93750,   0.18750,   0.00000  )

     Band symmetry, C_s (m)     point group:

     e(  1 -  1) =     -1.99146  eV     1   --> A'             
     e(  2 -  2) =     -1.07608  eV     1   --> A''            
     e(  3 -  3) =      2.97979  eV     1   --> A'             
     e(  4 -  4) =      3.06752  eV     1   --> A''            
     e(  5 -  5) =      7.65244  eV     1   --> A'             
     e(  6 -  6) =      7.83696  eV     1   --> A''            
     e(  7 -  7) =     14.35937  eV     1   --> A''            
     e(  8 -  8) =     15.43258  eV     1   --> A'             
     e(  9 -  9) =     16.34381  eV     1   --> A'             
     e( 10 - 10) =     17.48861  eV     1   --> A''            
     e( 11 - 11) =     18.58594  eV     1   --> A''            
     e( 12 - 12) =     19.66966  eV     1   --> A'             
     e( 13 - 13) =     20.47485  eV     1   --> A''            
     e( 14 - 14) =     21.59862  eV     1   --> A'             
     e( 15 - 15) =     23.26290  eV     1   --> A''            
     e( 16 - 16) =     24.55931  eV     1   --> A'             
     e( 17 - 17) =     25.18132  eV     1   --> A'             
     e( 18 - 18) =     26.34598  eV     1   --> A''            
     e( 19 - 19) =     27.39859  eV     1   --> A''            
     e( 20 - 20) =     27.43967  eV     1   --> A'             

 **************************************************************************

 **************************************************************************

                    xk=(  -0.92500,   0.22500,   0.00000  )

     Band symmetry, C_s (m)     point group:

     e(  1 -  1) =     -2.04915  eV     1   --> A'             
     e(  2 -  2) =     -0.97965  eV     1   --> A''            
     e(  3 -  3) =      2.84618  eV     1   --> A'             
     e(  4 -  4) =      2.98938  eV     1   --> A''            
     e(  5 -  5) =      7.93908  eV     1   --> A'             
     e(  6 -  6) =      8.14729  eV     1   --> A''            
     e(  7 -  7) =     13.77070  eV     1   --> A''            
     e(  8 -  8) =     15.10003  eV     1   --> A'             
     e(  9 -  9) =     16.16421  eV     1   --> A'             
     e( 10 - 10) =     17.55411  eV     1   --> A''            
     e( 11 - 11) =     18.55361  eV     1   --> A''            
     e( 12 - 12) =     19.80523  eV     1   --> A'             
     e( 13 - 13) =     20.85364  eV     1   --> A''            
     e( 14 - 14) =     22.21222  eV     1   --> A'             
     e( 15 - 15) =     22.86582  eV     1   --> A''            
     e( 16 - 16) =     24.31234  eV     1   --> A'             
     e( 17 - 17) =     25.11872  eV     1   --> A'             
     e( 18 - 18) =     26.41605  eV     1   --> A''            
     e( 19 - 19) =     27.50770  eV     1   --> A'             
     e( 20 - 20) =     27.61601  eV     1   --> A''            

 **************************************************************************

 **************************************************************************

                    xk=(  -0.91250,   0.26250,   0.00000  )

     Band symmetry, C_s (m)     point group:

     e(  1 -  1) =     -2.09837  eV     1   --> A'             
     e(  2 -  2) =     -0.89235  eV     1   --> A''            
     e(  3 -  3) =      2.71016  eV     1   --> A'             
     e(  4 -  4) =      2.92625  eV     1   --> A''            
     e(  5 -  5) =      8.25843  eV     1   --> A'             
     e(  6 -  6) =      8.48843  eV     1   --> A''            
     e(  7 -  7) =     13.17828  eV     1   --> A''            
     e(  8 -  8) =     14.74482  eV     1   --> A'             
     e(  9 -  9) =     16.00409  eV     1   --> A'             
     e( 10 - 10) =     17.57027  eV     1   --> A''            
     e( 11 - 11) =     18.56453  eV     1   --> A''            
     e( 12 - 12) =     19.94361  eV     1   --> A'             
     e( 13 - 13) =     21.21916  eV     1   --> A''            
     e( 14 - 14) =     22.52324  eV     1   --> A''            
     e( 15 - 15) =     22.78458  eV     1   --> A'             
     e( 16 - 16) =     24.11876  eV     1   --> A'             
     e( 17 - 17) =     25.09582  eV     1   --> A'             
     e( 18 - 18) =     26.48846  eV     1   --> A''            
     e( 19 - 19) =     27.54976  eV     1   --> A'             
     e( 20 - 20) =     27.74804  eV     1   --> A''            

 **************************************************************************

 **************************************************************************

                    xk=(  -0.90000,   0.30000,   0.00000  )

     Band symmetry, C_s (m)     point group:

     e(  1 -  1) =     -2.13921  eV     1   --> A'             
     e(  2 -  2) =     -0.81720  eV     1   --> A''            
     e(  3 -  3) =      2.57630  eV     1   --> A'             
     e(  4 -  4) =      2.88461  eV     1   --> A''            
     e(  5 -  5) =      8.60373  eV     1   --> A'             
     e(  6 -  6) =      8.85500  eV     1   --> A''            
     e(  7 -  7) =     12.59073  eV     1   --> A''            
     e(  8 -  8) =     14.38029  eV     1   --> A'             
     e(  9 -  9) =     15.85320  eV     1   --> A'             
     e( 10 - 10) =     17.52558  eV     1   --> A''            
     e( 11 - 11) =     18.63243  eV     1   --> A''            
     e( 12 - 12) =     20.08419  eV     1   --> A'             
     e( 13 - 13) =     21.53757  eV     1   --> A''            
     e( 14 - 14) =     22.26641  eV     1   --> A''            
     e( 15 - 15) =     23.18719  eV     1   --> A'             
     e( 16 - 16) =     24.08899  eV     1   --> A'             
     e( 17 - 17) =     25.11852  eV     1   --> A'             
     e( 18 - 18) =     26.56494  eV     1   --> A''            
     e( 19 - 19) =     27.54038  eV     1   --> A'             
     e( 20 - 20) =     27.68094  eV     1   --> A''            

 **************************************************************************

 **************************************************************************

                    xk=(  -0.88750,   0.33750,   0.00000  )

     Band symmetry, C_s (m)     point group:

     e(  1 -  1) =     -2.17138  eV     1   --> A'             
     e(  2 -  2) =     -0.75603  eV     1   --> A''            
     e(  3 -  3) =      2.44833  eV     1   --> A'             
     e(  4 -  4) =      2.86960  eV     1   --> A''            
     e(  5 -  5) =      8.97323  eV     1   --> A'             
     e(  6 -  6) =      9.24210  eV     1   --> A''            
     e(  7 -  7) =     12.01642  eV     1   --> A''            
     e(  8 -  8) =     14.01268  eV     1   --> A'             
     e(  9 -  9) =     15.71091  eV     1   --> A'             
     e( 10 - 10) =     17.42139  eV     1   --> A''            
     e( 11 - 11) =     18.75339  eV     1   --> A''            
     e( 12 - 12) =     20.22432  eV     1   --> A'             
     e( 13 - 13) =     21.66408  eV     1   --> A''            
     e( 14 - 14) =     22.24883  eV     1   --> A''            
     e( 15 - 15) =     23.25461  eV     1   --> A'             
     e( 16 - 16) =     24.36550  eV     1   --> A'             
     e( 17 - 17) =     25.21713  eV     1   --> A'             
     e( 18 - 18) =     26.65039  eV     1   --> A''            
     e( 19 - 19) =     27.39382  eV     1   --> A''            
     e( 20 - 20) =     27.45329  eV     1   --> A'             

 **************************************************************************

 **************************************************************************

                    xk=(  -0.87500,   0.37500,   0.00000  )

     Band symmetry, C_s (m)     point group:

     e(  1 -  1) =     -2.19522  eV     1   --> A'             
     e(  2 -  2) =     -0.71194  eV     1   --> A''            
     e(  3 -  3) =      2.32907  eV     1   --> A'             
     e(  4 -  4) =      2.88446  eV     1   --> A''            
     e(  5 -  5) =      9.36103  eV     1   --> A'             
     e(  6 -  6) =      9.64052  eV     1   --> A''            
     e(  7 -  7) =     11.46305  eV     1   --> A''            
     e(  8 -  8) =     13.64765  eV     1   --> A'             
     e(  9 -  9) =     15.56963  eV     1   --> A'             
     e( 10 - 10) =     17.26664  eV     1   --> A''            
     e( 11 - 11) =     18.91106  eV     1   --> A''            
     e( 12 - 12) =     20.36576  eV     1   --> A'             
     e( 13 - 13) =     21.54982  eV     1   --> A''            
     e( 14 - 14) =     22.51456  eV     1   --> A''            
     e( 15 - 15) =     23.14300  eV     1   --> A'             
     e( 16 - 16) =     24.70992  eV     1   --> A'             
     e( 17 - 17) =     25.45901  eV     1   --> A'             
     e( 18 - 18) =     26.74175  eV     1   --> A''            
     e( 19 - 19) =     26.95491  eV     1   --> A''            
     e( 20 - 20) =     27.26866  eV     1   --> A'             

 **************************************************************************

 **************************************************************************

                    xk=(  -0.86250,   0.41250,   0.00000  )

     Band symmetry, C_s (m)     point group:

     e(  1 -  1) =     -2.21057  eV     1   --> A'             
     e(  2 -  2) =     -0.68643  eV     1   --> A''            
     e(  3 -  3) =      2.22071  eV     1   --> A'             
     e(  4 -  4) =      2.93046  eV     1   --> A''            
     e(  5 -  5) =      9.76297  eV     1   --> A'             
     e(  6 -  6) =     10.02027  eV     1   --> A''            
     e(  7 -  7) =     10.96182  eV     1   --> A''            
     e(  8 -  8) =     13.29137  eV     1   --> A'             
     e(  9 -  9) =     15.42792  eV     1   --> A'             
     e( 10 - 10) =     17.07308  eV     1   --> A''            
     e( 11 - 11) =     19.09205  eV     1   --> A''            
     e( 12 - 12) =     20.50661  eV     1   --> A'             
     e( 13 - 13) =     21.40780  eV     1   --> A''            
     e( 14 - 14) =     22.85135  eV     1   --> A''            
     e( 15 - 15) =     22.99970  eV     1   --> A'             
     e( 16 - 16) =     24.92851  eV     1   --> A'             
     e( 17 - 17) =     25.87968  eV     1   --> A'             
     e( 18 - 18) =     26.44192  eV     1   --> A''            
     e( 19 - 19) =     26.85210  eV     1   --> A''            
     e( 20 - 20) =     26.99154  eV     1   --> A'             

 **************************************************************************

 **************************************************************************

                    xk=(  -0.85000,   0.45000,   0.00000  )

     Band symmetry, C_s (m)     point group:

     e(  1 -  1) =     -2.21781  eV     1   --> A'             
     e(  2 -  2) =     -0.67810  eV     1   --> A''            
     e(  3 -  3) =      2.12493  eV     1   --> A'             
     e(  4 -  4) =      3.00666  eV     1   --> A''            
     e(  5 -  5) =     10.12513  eV     1   --> A''            
     e(  6 -  6) =     10.17764  eV     1   --> A'             
     e(  7 -  7) =     10.77071  eV     1   --> A''            
     e(  8 -  8) =     12.94376  eV     1   --> A'             
     e(  9 -  9) =     15.28401  eV     1   --> A'             
     e( 10 - 10) =     16.84916  eV     1   --> A''            
     e( 11 - 11) =     19.29401  eV     1   --> A''            
     e( 12 - 12) =     20.65119  eV     1   --> A'             
     e( 13 - 13) =     21.29619  eV     1   --> A''            
     e( 14 - 14) =     22.86873  eV     1   --> A'             
     e( 15 - 15) =     23.19329  eV     1   --> A''            
     e( 16 - 16) =     25.07723  eV     1   --> A'             
     e( 17 - 17) =     25.91231  eV     1   --> A''            
     e( 18 - 18) =     26.34433  eV     1   --> A'             
     e( 19 - 19) =     26.69010  eV     1   --> A'             
     e( 20 - 20) =     26.97065  eV     1   --> A''            

 **************************************************************************

 **************************************************************************

                    xk=(  -0.83750,   0.48750,   0.00000  )

     Band symmetry, C_s (m)     point group:

     e(  1 -  1) =     -2.21705  eV     1   --> A'             
     e(  2 -  2) =     -0.68606  eV     1   --> A''            
     e(  3 -  3) =      2.04312  eV     1   --> A'             
     e(  4 -  4) =      3.10978  eV     1   --> A''            
     e(  5 -  5) =      9.73640  eV     1   --> A''            
     e(  6 -  6) =     10.59783  eV     1   --> A'             
     e(  7 -  7) =     11.10998  eV     1   --> A''            
     e(  8 -  8) =     12.61268  eV     1   --> A'             
     e(  9 -  9) =     15.13694  eV     1   --> A'             
     e( 10 - 10) =     16.60328  eV     1   --> A''            
     e( 11 - 11) =     19.50943  eV     1   --> A''            
     e( 12 - 12) =     20.79822  eV     1   --> A'             
     e( 13 - 13) =     21.22684  eV     1   --> A''            
     e( 14 - 14) =     22.75097  eV     1   --> A'             
     e( 15 - 15) =     23.51847  eV     1   --> A''            
     e( 16 - 16) =     25.20924  eV     1   --> A'             
     e( 17 - 17) =     25.37818  eV     1   --> A''            
     e( 18 - 18) =     26.19939  eV     1   --> A'             
     e( 19 - 19) =     26.97599  eV     1   --> A'             
     e( 20 - 20) =     27.10547  eV     1   --> A''            

 **************************************************************************

 **************************************************************************

                    xk=(  -0.82500,   0.52500,   0.00000  )

     Band symmetry, C_s (m)     point group:

     e(  1 -  1) =     -2.20851  eV     1   --> A'             
     e(  2 -  2) =     -0.70865  eV     1   --> A''            
     e(  3 -  3) =      1.97626  eV     1   --> A'             
     e(  4 -  4) =      3.23437  eV     1   --> A''            
     e(  5 -  5) =      9.27395  eV     1   --> A''            
     e(  6 -  6) =     11.00855  eV     1   --> A'             
     e(  7 -  7) =     11.56306  eV     1   --> A''            
     e(  8 -  8) =     12.31044  eV     1   --> A'             
     e(  9 -  9) =     14.98746  eV     1   --> A'             
     e( 10 - 10) =     16.33875  eV     1   --> A''            
     e( 11 - 11) =     19.73177  eV     1   --> A''            
     e( 12 - 12) =     20.94571  eV     1   --> A'             
     e( 13 - 13) =     21.19868  eV     1   --> A''            
     e( 14 - 14) =     22.65117  eV     1   --> A'             
     e( 15 - 15) =     23.78120  eV     1   --> A''            
     e( 16 - 16) =     24.90120  eV     1   --> A''            
     e( 17 - 17) =     25.31990  eV     1   --> A'             
     e( 18 - 18) =     25.81805  eV     1   --> A'             
     e( 19 - 19) =     27.24941  eV     1   --> A''            
     e( 20 - 20) =     27.46726  eV     1   --> A'             

 **************************************************************************

 **************************************************************************

                    xk=(  -0.81250,   0.56250,   0.00000  )

     Band symmetry, C_s (m)     point group:

     e(  1 -  1) =     -2.19250  eV     1   --> A'             
     e(  2 -  2) =     -0.74206  eV     1   --> A''            
     e(  3 -  3) =      1.92533  eV     1   --> A'             
     e(  4 -  4) =      3.37275  eV     1   --> A''            
     e(  5 -  5) =      8.82801  eV     1   --> A''            
     e(  6 -  6) =     11.34612  eV     1   --> A'             
     e(  7 -  7) =     12.04496  eV     1   --> A''            
     e(  8 -  8) =     12.10067  eV     1   --> A'             
     e(  9 -  9) =     14.83626  eV     1   --> A'             
     e( 10 - 10) =     16.06825  eV     1   --> A''            
     e( 11 - 11) =     19.96103  eV     1   --> A''            
     e( 12 - 12) =     21.10242  eV     1   --> A'             
     e( 13 - 13) =     21.21328  eV     1   --> A''            
     e( 14 - 14) =     22.57003  eV     1   --> A'             
     e( 15 - 15) =     23.79488  eV     1   --> A''            
     e( 16 - 16) =     24.66673  eV     1   --> A''            
     e( 17 - 17) =     25.21231  eV     1   --> A'             
     e( 18 - 18) =     25.64378  eV     1   --> A'             
     e( 19 - 19) =     27.41116  eV     1   --> A''            
     e( 20 - 20) =     27.92712  eV     1   --> A'             

 **************************************************************************

 **************************************************************************

                    xk=(  -0.80000,   0.60000,   0.00000  )

     Band symmetry, C_s (m)     point group:

     e(  1 -  1) =     -2.16811  eV     1   --> A'             
     e(  2 -  2) =     -0.78344  eV     1   --> A''            
     e(  3 -  3) =      1.89091  eV     1   --> A'             
     e(  4 -  4) =      3.51436  eV     1   --> A''            
     e(  5 -  5) =      8.41919  eV     1   --> A''            
     e(  6 -  6) =     11.38610  eV     1   --> A'             
     e(  7 -  7) =     12.20758  eV     1   --> A'             
     e(  8 -  8) =     12.54588  eV     1   --> A''            
     e(  9 -  9) =     14.68572  eV     1   --> A'             
     e( 10 - 10) =     15.78932  eV     1   --> A''            
     e( 11 - 11) =     20.19338  eV     1   --> A''            
     e( 12 - 12) =     21.26716  eV     1   --> A''            
     e( 13 - 13) =     21.27197  eV     1   --> A'             
     e( 14 - 14) =     22.50518  eV     1   --> A'             
     e( 15 - 15) =     23.43061  eV     1   --> A''            
     e( 16 - 16) =     24.82323  eV     1   --> A'             
     e( 17 - 17) =     24.83077  eV     1   --> A''            
     e( 18 - 18) =     25.76765  eV     1   --> A'             
     e( 19 - 19) =     27.57774  eV     1   --> A''            
     e( 20 - 20) =     28.32424  eV     1   --> A'             

 **************************************************************************

 **************************************************************************

                    xk=(  -0.78750,   0.63750,   0.00000  )

     Band symmetry, C_s (m)     point group:

     e(  1 -  1) =     -2.13736  eV     1   --> A'             
     e(  2 -  2) =     -0.83245  eV     1   --> A''            
     e(  3 -  3) =      1.87346  eV     1   --> A'             
     e(  4 -  4) =      3.64574  eV     1   --> A''            
     e(  5 -  5) =      8.05789  eV     1   --> A''            
     e(  6 -  6) =     11.17465  eV     1   --> A'             
     e(  7 -  7) =     12.57695  eV     1   --> A'             
     e(  8 -  8) =     13.05605  eV     1   --> A''            
     e(  9 -  9) =     14.53574  eV     1   --> A'             
     e( 10 - 10) =     15.50742  eV     1   --> A''            
     e( 11 - 11) =     20.42367  eV     1   --> A''            
     e( 12 - 12) =     21.35035  eV     1   --> A''            
     e( 13 - 13) =     21.44438  eV     1   --> A'             
     e( 14 - 14) =     22.42541  eV     1   --> A'             
     e( 15 - 15) =     22.93855  eV     1   --> A''            
     e( 16 - 16) =     24.39756  eV     1   --> A'             
     e( 17 - 17) =     25.10948  eV     1   --> A''            
     e( 18 - 18) =     25.93835  eV     1   --> A'             
     e( 19 - 19) =     27.74262  eV     1   --> A''            
     e( 20 - 20) =     28.51310  eV     1   --> A'             

 **************************************************************************

 **************************************************************************

                    xk=(  -0.77500,   0.67500,   0.00000  )

     Band symmetry, C_s (m)     point group:

     e(  1 -  1) =     -2.09865  eV     1   --> A'             
     e(  2 -  2) =     -0.88553  eV     1   --> A''            
     e(  3 -  3) =      1.87340  eV     1   --> A'             
     e(  4 -  4) =      3.74994  eV     1   --> A''            
     e(  5 -  5) =      7.76529  eV     1   --> A''            
     e(  6 -  6) =     10.91436  eV     1   --> A'             
     e(  7 -  7) =     13.00496  eV     1   --> A'             
     e(  8 -  8) =     13.57223  eV     1   --> A''            
     e(  9 -  9) =     14.39373  eV     1   --> A'             
     e( 10 - 10) =     15.23020  eV     1   --> A''            
     e( 11 - 11) =     20.64968  eV     1   --> A''            
     e( 12 - 12) =     21.45291  eV     1   --> A''            
     e( 13 - 13) =     21.62624  eV     1   --> A'             
     e( 14 - 14) =     22.32826  eV     1   --> A'             
     e( 15 - 15) =     22.44997  eV     1   --> A''            
     e( 16 - 16) =     23.99909  eV     1   --> A'             
     e( 17 - 17) =     25.41687  eV     1   --> A''            
     e( 18 - 18) =     26.11366  eV     1   --> A'             
     e( 19 - 19) =     27.89667  eV     1   --> A''            
     e( 20 - 20) =     28.31491  eV     1   --> A'             

 **************************************************************************

 **************************************************************************

                    xk=(  -0.76250,   0.71250,   0.00000  )

     Band symmetry, C_s (m)     point group:

     e(  1 -  1) =     -2.05332  eV     1   --> A'             
     e(  2 -  2) =     -0.94144  eV     1   --> A''            
     e(  3 -  3) =      1.89086  eV     1   --> A'             
     e(  4 -  4) =      3.80744  eV     1   --> A''            
     e(  5 -  5) =      7.55903  eV     1   --> A''            
     e(  6 -  6) =     10.64966  eV     1   --> A'             
     e(  7 -  7) =     13.42227  eV     1   --> A'             
     e(  8 -  8) =     14.08253  eV     1   --> A''            
     e(  9 -  9) =     14.28330  eV     1   --> A'             
     e( 10 - 10) =     14.96834  eV     1   --> A''            
     e( 11 - 11) =     20.85962  eV     1   --> A''            
     e( 12 - 12) =     21.49685  eV     1   --> A''            
     e( 13 - 13) =     21.80098  eV     1   --> A'             
     e( 14 - 14) =     22.06049  eV     1   --> A''            
     e( 15 - 15) =     22.19834  eV     1   --> A'             
     e( 16 - 16) =     23.66404  eV     1   --> A'             
     e( 17 - 17) =     25.73102  eV     1   --> A''            
     e( 18 - 18) =     26.25636  eV     1   --> A'             
     e( 19 - 19) =     27.99510  eV     1   --> A''            
     e( 20 - 20) =     28.04066  eV     1   --> A'             

 **************************************************************************

 **************************************************************************

                    xk=(  -0.75000,   0.75000,   0.00000  )

     point group C_2v (mm2) 
     there are  4 classes
     the character table:

       E     C2    s_v   s_v' 
A_1    1.00  1.00  1.00  1.00
A_2    1.00  1.00 -1.00 -1.00
B_1    1.00 -1.00  1.00 -1.00
B_2    1.00 -1.00 -1.00  1.00

     the symmetry operations in each class and the name of the first element:

     E        1
                                                                 
     C2       2
                                                                 
     s_v      4
                                                                 
     s_v'     3
                                                                 

     Band symmetry, C_2v (mm2)  point group:

     e(  1 -  1) =     -2.00055  eV     1   --> A_1  D_1  S_1  
     e(  2 -  2) =     -0.99845  eV     1   --> B_1  D_3  S_3  
     e(  3 -  3) =      1.92595  eV     1   --> A_1  D_1  S_1  
     e(  4 -  4) =      3.80136  eV     1   --> A_2  D_2  S_2  
     e(  5 -  5) =      7.45666  eV     1   --> B_1  D_3  S_3  
     e(  6 -  6) =     10.39418  eV     1   --> A_1  D_1  S_1  
     e(  7 -  7) =     13.71766  eV     1   --> B_2  D_4  S_4  
     e(  8 -  8) =     14.30574  eV     1   --> A_1  D_1  S_1  
     e(  9 -  9) =     14.46853  eV     1   --> B_1  D_3  S_3  
     e( 10 - 10) =     14.84519  eV     1   --> A_2  D_2  S_2  
     e( 11 - 11) =     20.97193  eV     1   --> B_1  D_3  S_3  
     e( 12 - 12) =     21.31586  eV     1   --> A_2  D_2  S_2  
     e( 13 - 13) =     21.81380  eV     1   --> B_2  D_4  S_4  
     e( 14 - 14) =     22.03683  eV     1   --> B_1  D_3  S_3  
     e( 15 - 15) =     22.16665  eV     1   --> A_1  D_1  S_1  
     e( 16 - 16) =     23.42902  eV     1   --> A_1  D_1  S_1  
     e( 17 - 17) =     26.04795  eV     1   --> B_1  D_3  S_3  
     e( 18 - 18) =     26.32188  eV     1   --> A_1  D_1  S_1  
     e( 19 - 19) =     27.83568  eV     1   --> B_2  D_4  S_4  
     e( 20 - 20) =     27.93705  eV     1   --> A_2  D_2  S_2  

 **************************************************************************

 **************************************************************************

                    xk=(  -0.71250,   0.71250,   0.00000  )

     Band symmetry, C_2v (mm2)  point group:

     e(  1 -  1) =     -2.18859  eV     1   --> A_1  D_1  S_1  
     e(  2 -  2) =     -0.80962  eV     1   --> B_1  D_3  S_3  
     e(  3 -  3) =      1.83170  eV     1   --> A_1  D_1  S_1  
     e(  4 -  4) =      3.93377  eV     1   --> A_2  D_2  S_2  
     e(  5 -  5) =      7.60895  eV     1   --> B_1  D_3  S_3  
     e(  6 -  6) =     11.16059  eV     1   --> A_1  D_1  S_1  
     e(  7 -  7) =     13.25962  eV     1   --> B_2  D_4  S_4  
     e(  8 -  8) =     13.83529  eV     1   --> A_1  D_1  S_1  
     e(  9 -  9) =     14.10023  eV     1   --> B_1  D_3  S_3  
     e( 10 - 10) =     14.44499  eV     1   --> A_2  D_2  S_2  
     e( 11 - 11) =     21.04173  eV     1   --> B_1  D_3  S_3  
     e( 12 - 12) =     21.69748  eV     1   --> A_2  D_2  S_2  
     e( 13 - 13) =     21.75190  eV     1   --> A_1  D_1  S_1  
     e( 14 - 14) =     21.81354  eV     1   --> B_1  D_3  S_3  
     e( 15 - 15) =     22.34277  eV     1   --> B_2  D_4  S_4  
     e( 16 - 16) =     24.06038  eV     1   --> A_1  D_1  S_1  
     e( 17 - 17) =     25.10283  eV     1   --> B_1  D_3  S_3  
     e( 18 - 18) =     26.34223  eV     1   --> A_1  D_1  S_1  
     e( 19 - 19) =     28.27909  eV     1   --> B_2  D_4  S_4  
     e( 20 - 20) =     28.51682  eV     1   --> A_2  D_2  S_2  

 **************************************************************************

 **************************************************************************

                    xk=(  -0.67500,   0.67500,   0.00000  )

     Band symmetry, C_2v (mm2)  point group:

     e(  1 -  1) =     -2.41315  eV     1   --> A_1  D_1  S_1  
     e(  2 -  2) =     -0.59490  eV     1   --> B_1  D_3  S_3  
     e(  3 -  3) =      1.81046  eV     1   --> A_1  D_1  S_1  
     e(  4 -  4) =      4.08100  eV     1   --> A_2  D_2  S_2  
     e(  5 -  5) =      7.77801  eV     1   --> B_1  D_3  S_3  
     e(  6 -  6) =     11.92529  eV     1   --> A_1  D_1  S_1  
     e(  7 -  7) =     12.81840  eV     1   --> B_2  D_4  S_4  
     e(  8 -  8) =     13.41721  eV     1   --> A_1  D_1  S_1  
     e(  9 -  9) =     13.74264  eV     1   --> B_1  D_3  S_3  
     e( 10 - 10) =     14.07081  eV     1   --> A_2  D_2  S_2  
     e( 11 - 11) =     20.75041  eV     1   --> B_1  D_3  S_3  
     e( 12 - 12) =     21.31224  eV     1   --> A_1  D_1  S_1  
     e( 13 - 13) =     21.95060  eV     1   --> B_1  D_3  S_3  
     e( 14 - 14) =     22.06470  eV     1   --> A_2  D_2  S_2  
     e( 15 - 15) =     22.85763  eV     1   --> B_2  D_4  S_4  
     e( 16 - 16) =     24.16047  eV     1   --> B_1  D_3  S_3  
     e( 17 - 17) =     24.65223  eV     1   --> A_1  D_1  S_1  
     e( 18 - 18) =     26.32067  eV     1   --> A_1  D_1  S_1  
     e( 19 - 19) =     28.73351  eV     1   --> A_1  D_1  S_1  
     e( 20 - 20) =     28.78647  eV     1   --> B_2  D_4  S_4  

 **************************************************************************

 **************************************************************************

                    xk=(  -0.63750,   0.63750,   0.00000  )

     Band symmetry, C_2v (mm2)  point group:

     e(  1 -  1) =     -2.66623  eV     1   --> A_1  D_1  S_1  
     e(  2 -  2) =     -0.35361  eV     1   --> B_1  D_3  S_3  
     e(  3 -  3) =      1.85691  eV     1   --> A_1  D_1  S_1  
     e(  4 -  4) =      4.24131  eV     1   --> A_2  D_2  S_2  
     e(  5 -  5) =      7.96253  eV     1   --> B_1  D_3  S_3  
     e(  6 -  6) =     12.39603  eV     1   --> B_2  D_4  S_4  
     e(  7 -  7) =     12.48429  eV     1   --> A_1  D_1  S_1  
     e(  8 -  8) =     13.24882  eV     1   --> A_1  D_1  S_1  
     e(  9 -  9) =     13.40369  eV     1   --> B_1  D_3  S_3  
     e( 10 - 10) =     13.72522  eV     1   --> A_2  D_2  S_2  
     e( 11 - 11) =     20.34823  eV     1   --> B_1  D_3  S_3  
     e( 12 - 12) =     20.88937  eV     1   --> A_1  D_1  S_1  
     e( 13 - 13) =     22.11406  eV     1   --> B_1  D_3  S_3  
     e( 14 - 14) =     22.41748  eV     1   --> A_2  D_2  S_2  
     e( 15 - 15) =     23.33277  eV     1   --> B_1  D_3  S_3  
     e( 16 - 16) =     23.35535  eV     1   --> B_2  D_4  S_4  
     e( 17 - 17) =     24.95901  eV     1   --> A_1  D_1  S_1  
     e( 18 - 18) =     26.35707  eV     1   --> A_1  D_1  S_1  
     e( 19 - 19) =     28.62570  eV     1   --> A_1  D_1  S_1  
     e( 20 - 20) =     29.35187  eV     1   --> B_2  D_4  S_4  

 **************************************************************************

 **************************************************************************

                    xk=(  -0.60000,   0.60000,   0.00000  )

     Band symmetry, C_2v (mm2)  point group:

     e(  1 -  1) =     -2.93905  eV     1   --> A_1  D_1  S_1  
     e(  2 -  2) =     -0.08683  eV     1   --> B_1  D_3  S_3  
     e(  3 -  3) =      1.96297  eV     1   --> A_1  D_1  S_1  
     e(  4 -  4) =      4.41251  eV     1   --> A_2  D_2  S_2  
     e(  5 -  5) =      8.15841  eV     1   --> B_1  D_3  S_3  
     e(  6 -  6) =     11.99319  eV     1   --> B_2  D_4  S_4  
     e(  7 -  7) =     12.33886  eV     1   --> A_1  D_1  S_1  
     e(  8 -  8) =     13.08617  eV     1   --> B_1  D_3  S_3  
     e(  9 -  9) =     13.41051  eV     1   --> A_2  D_2  S_2  
     e( 10 - 10) =     13.81754  eV     1   --> A_1  D_1  S_1  
     e( 11 - 11) =     19.93905  eV     1   --> B_1  D_3  S_3  
     e( 12 - 12) =     20.49734  eV     1   --> A_1  D_1  S_1  
     e( 13 - 13) =     21.79432  eV     1   --> B_1  D_3  S_3  
     e( 14 - 14) =     22.75167  eV     1   --> A_2  D_2  S_2  
     e( 15 - 15) =     23.02201  eV     1   --> B_1  D_3  S_3  
     e( 16 - 16) =     23.81195  eV     1   --> B_2  D_4  S_4  
     e( 17 - 17) =     24.72515  eV     1   --> A_1  D_1  S_1  
     e( 18 - 18) =     26.66005  eV     1   --> A_1  D_1  S_1  
     e( 19 - 19) =     28.79480  eV     1   --> A_1  D_1  S_1  
     e( 20 - 20) =     29.93486  eV     1   -->   ?

 **************************************************************************

 **************************************************************************

                    xk=(  -0.56250,   0.56250,   0.00000  )

     Band symmetry, C_2v (mm2)  point group:

     e(  1 -  1) =     -3.21989  eV     1   --> A_1  D_1  S_1  
     e(  2 -  2) =      0.20746  eV     1   --> B_1  D_3  S_3  
     e(  3 -  3) =      2.12039  eV     1   --> A_1  D_1  S_1  
     e(  4 -  4) =      4.59227  eV     1   --> A_2  D_2  S_2  
     e(  5 -  5) =      8.36506  eV     1   --> B_1  D_3  S_3  
     e(  6 -  6) =     11.61548  eV     1   --> B_2  D_4  S_4  
     e(  7 -  7) =     11.99765  eV     1   --> A_1  D_1  S_1  
     e(  8 -  8) =     12.79645  eV     1   --> B_1  D_3  S_3  
     e(  9 -  9) =     13.13517  eV     1   --> A_2  D_2  S_2  
     e( 10 - 10) =     14.61249  eV     1   --> A_1  D_1  S_1  
     e( 11 - 11) =     19.54748  eV     1   --> B_1  D_3  S_3  
     e( 12 - 12) =     20.15136  eV     1   --> A_1  D_1  S_1  
     e( 13 - 13) =     20.99845  eV     1   --> B_1  D_3  S_3  
     e( 14 - 14) =     23.06886  eV     1   --> A_2  D_2  S_2  
     e( 15 - 15) =     23.23494  eV     1   --> B_1  D_3  S_3  
     e( 16 - 16) =     24.16692  eV     1   --> A_1  D_1  S_1  
     e( 17 - 17) =     24.28405  eV     1   --> B_2  D_4  S_4  
     e( 18 - 18) =     27.08317  eV     1   --> A_1  D_1  S_1  
     e( 19 - 19) =     29.23422  eV     1   --> A_1  D_1  S_1  
     e( 20 - 20) =     29.39348  eV     1   --> A_2  D_2  S_2  

 **************************************************************************

 **************************************************************************

                    xk=(  -0.52500,   0.52500,   0.00000  )

     Band symmetry, C_2v (mm2)  point group:

     e(  1 -  1) =     -3.50185  eV     1   --> A_1  D_1  S_1  
     e(  2 -  2) =      0.52447  eV     1   --> B_1  D_3  S_3  
     e(  3 -  3) =      2.32129  eV     1   --> A_1  D_1  S_1  
     e(  4 -  4) =      4.77763  eV     1   --> A_2  D_2  S_2  
     e(  5 -  5) =      8.56893  eV     1   --> B_1  D_3  S_3  
     e(  6 -  6) =     11.25822  eV     1   --> B_2  D_4  S_4  
     e(  7 -  7) =     11.64156  eV     1   --> A_1  D_1  S_1  
     e(  8 -  8) =     12.53881  eV     1   --> B_1  D_3  S_3  
     e(  9 -  9) =     12.89667  eV     1   --> A_2  D_2  S_2  
     e( 10 - 10) =     15.40860  eV     1   --> A_1  D_1  S_1  
     e( 11 - 11) =     19.16950  eV     1   --> B_1  D_3  S_3  
     e( 12 - 12) =     19.87181  eV     1   --> A_1  D_1  S_1  
     e( 13 - 13) =     20.10659  eV     1   --> B_1  D_3  S_3  
     e( 14 - 14) =     23.35622  eV     1   --> A_2  D_2  S_2  
     e( 15 - 15) =     23.46833  eV     1   --> A_1  D_1  S_1  
     e( 16 - 16) =     23.56157  eV     1   --> B_1  D_3  S_3  
     e( 17 - 17) =     24.74950  eV     1   --> B_2  D_4  S_4  
     e( 18 - 18) =     27.46231  eV     1   --> A_1  D_1  S_1  
     e( 19 - 19) =     28.57675  eV     1   --> A_2  D_2  S_2  
     e( 20 - 20) =     29.86985  eV     1   --> A_1  D_1  S_1  

 **************************************************************************

 **************************************************************************

                    xk=(  -0.48750,   0.48750,   0.00000  )

     Band symmetry, C_2v (mm2)  point group:

     e(  1 -  1) =     -3.77949  eV     1   --> A_1  D_1  S_1  
     e(  2 -  2) =      0.86592  eV     1   --> B_1  D_3  S_3  
     e(  3 -  3) =      2.55916  eV     1   --> A_1  D_1  S_1  
     e(  4 -  4) =      4.96484  eV     1   --> A_2  D_2  S_2  
     e(  5 -  5) =      8.76597  eV     1   --> B_1  D_3  S_3  
     e(  6 -  6) =     10.92298  eV     1   --> B_2  D_4  S_4  
     e(  7 -  7) =     11.29910  eV     1   --> A_1  D_1  S_1  
     e(  8 -  8) =     12.31833  eV     1   --> B_1  D_3  S_3  
     e(  9 -  9) =     12.69951  eV     1   --> A_2  D_2  S_2  
     e( 10 - 10) =     16.13182  eV     1   --> A_1  D_1  S_1  
     e( 11 - 11) =     18.78043  eV     1   --> B_1  D_3  S_3  
     e( 12 - 12) =     19.24426  eV     1   --> B_1  D_3  S_3  
     e( 13 - 13) =     19.70641  eV     1   --> A_1  D_1  S_1  
     e( 14 - 14) =     22.72943  eV     1   --> A_1  D_1  S_1  
     e( 15 - 15) =     23.56523  eV     1   --> A_2  D_2  S_2  
     e( 16 - 16) =     23.90846  eV     1   --> B_1  D_3  S_3  
     e( 17 - 17) =     25.20167  eV     1   --> B_2  D_4  S_4  
     e( 18 - 18) =     27.78819  eV     1   --> A_2  D_2  S_2  
     e( 19 - 19) =     27.79637  eV     1   --> A_1  D_1  S_1  
     e( 20 - 20) =     30.63003  eV     1   --> A_1  D_1  S_1  

 **************************************************************************

 **************************************************************************

                    xk=(  -0.45000,   0.45000,   0.00000  )

     Band symmetry, C_2v (mm2)  point group:

     e(  1 -  1) =     -4.04772  eV     1   --> A_1  D_1  S_1  
     e(  2 -  2) =      1.23043  eV     1   --> B_1  D_3  S_3  
     e(  3 -  3) =      2.82846  eV     1   --> A_1  D_1  S_1  
     e(  4 -  4) =      5.14939  eV     1   --> A_2  D_2  S_2  
     e(  5 -  5) =      8.94406  eV     1   --> B_1  D_3  S_3  
     e(  6 -  6) =     10.61022  eV     1   --> B_2  D_4  S_4  
     e(  7 -  7) =     10.97369  eV     1   --> A_1  D_1  S_1  
     e(  8 -  8) =     12.14024  eV     1   --> B_1  D_3  S_3  
     e(  9 -  9) =     12.54375  eV     1   --> A_2  D_2  S_2  
     e( 10 - 10) =     16.67584  eV     1   --> A_1  D_1  S_1  
     e( 11 - 11) =     18.17347  eV     1   --> B_1  D_3  S_3  
     e( 12 - 12) =     18.63324  eV     1   --> B_1  D_3  S_3  
     e( 13 - 13) =     19.73656  eV     1   --> A_1  D_1  S_1  
     e( 14 - 14) =     22.00207  eV     1   --> A_1  D_1  S_1  
     e( 15 - 15) =     23.63236  eV     1   --> A_2  D_2  S_2  
     e( 16 - 16) =     24.25983  eV     1   --> B_1  D_3  S_3  
     e( 17 - 17) =     25.64263  eV     1   --> B_2  D_4  S_4  
     e( 18 - 18) =     27.14359  eV     1   --> A_2  D_2  S_2  
     e( 19 - 19) =     28.09282  eV     1   --> A_1  D_1  S_1  
     e( 20 - 20) =     29.84548  eV     1   --> B_1  D_3  S_3  

 **************************************************************************

 **************************************************************************

                    xk=(  -0.41250,   0.41250,   0.00000  )

     Band symmetry, C_2v (mm2)  point group:

     e(  1 -  1) =     -4.30100  eV     1   --> A_1  D_1  S_1  
     e(  2 -  2) =      1.62007  eV     1   --> B_1  D_3  S_3  
     e(  3 -  3) =      3.12472  eV     1   --> A_1  D_1  S_1  
     e(  4 -  4) =      5.32894  eV     1   --> A_2  D_2  S_2  
     e(  5 -  5) =      9.09641  eV     1   --> B_1  D_3  S_3  
     e(  6 -  6) =     10.32318  eV     1   --> B_2  D_4  S_4  
     e(  7 -  7) =     10.67653  eV     1   --> A_1  D_1  S_1  
     e(  8 -  8) =     12.01631  eV     1   --> B_1  D_3  S_3  
     e(  9 -  9) =     12.44304  eV     1   --> A_2  D_2  S_2  
     e( 10 - 10) =     16.94639  eV     1   --> A_1  D_1  S_1  
     e( 11 - 11) =     17.35592  eV     1   --> B_1  D_3  S_3  
     e( 12 - 12) =     18.30340  eV     1   --> B_1  D_3  S_3  
     e( 13 - 13) =     20.02865  eV     1   --> A_1  D_1  S_1  
     e( 14 - 14) =     21.36349  eV     1   --> A_1  D_1  S_1  
     e( 15 - 15) =     23.49717  eV     1   --> A_2  D_2  S_2  
     e( 16 - 16) =     24.60578  eV     1   --> B_1  D_3  S_3  
     e( 17 - 17) =     26.09845  eV     1   --> B_2  D_4  S_4  
     e( 18 - 18) =     26.76981  eV     1   --> A_2  D_2  S_2  
     e( 19 - 19) =     28.39551  eV     1   --> A_1  D_1  S_1  
     e( 20 - 20) =     28.96543  eV     1   --> B_1  D_3  S_3  

 **************************************************************************

 **************************************************************************

                    xk=(  -0.37500,   0.37500,   0.00000  )

     Band symmetry, C_2v (mm2)  point group:

     e(  1 -  1) =     -4.53930  eV     1   --> A_1  D_1  S_1  
     e(  2 -  2) =      2.03082  eV     1   --> B_1  D_3  S_3  
     e(  3 -  3) =      3.44313  eV     1   --> A_1  D_1  S_1  
     e(  4 -  4) =      5.49804  eV     1   --> A_2  D_2  S_2  
     e(  5 -  5) =      9.20851  eV     1   --> B_1  D_3  S_3  
     e(  6 -  6) =     10.05970  eV     1   --> B_2  D_4  S_4  
     e(  7 -  7) =     10.39478  eV     1   --> A_1  D_1  S_1  
     e(  8 -  8) =     11.94416  eV     1   --> B_1  D_3  S_3  
     e(  9 -  9) =     12.39549  eV     1   --> A_2  D_2  S_2  
     e( 10 - 10) =     16.53667  eV     1   --> B_1  D_3  S_3  
     e( 11 - 11) =     16.93755  eV     1   --> A_1  D_1  S_1  
     e( 12 - 12) =     18.04136  eV     1   --> B_1  D_3  S_3  
     e( 13 - 13) =     20.19075  eV     1   --> A_1  D_1  S_1  
     e( 14 - 14) =     21.17673  eV     1   --> A_1  D_1  S_1  
     e( 15 - 15) =     23.07654  eV     1   --> A_2  D_2  S_2  
     e( 16 - 16) =     24.89628  eV     1   --> B_1  D_3  S_3  
     e( 17 - 17) =     26.55347  eV     1   --> B_2  D_4  S_4  
     e( 18 - 18) =     26.69686  eV     1   --> A_2  D_2  S_2  
     e( 19 - 19) =     28.16642  eV     1   --> B_1  D_3  S_3  
     e( 20 - 20) =     28.67090  eV     1   --> A_1  D_1  S_1  

 **************************************************************************

 **************************************************************************

                    xk=(  -0.33750,   0.33750,   0.00000  )

     Band symmetry, C_2v (mm2)  point group:

     e(  1 -  1) =     -4.75890  eV     1   --> A_1  D_1  S_1  
     e(  2 -  2) =      2.46467  eV     1   --> B_1  D_3  S_3  
     e(  3 -  3) =      3.77928  eV     1   --> A_1  D_1  S_1  
     e(  4 -  4) =      5.65305  eV     1   --> A_2  D_2  S_2  
     e(  5 -  5) =      9.27690  eV     1   --> B_1  D_3  S_3  
     e(  6 -  6) =      9.82217  eV     1   --> B_2  D_4  S_4  
     e(  7 -  7) =     10.13854  eV     1   --> A_1  D_1  S_1  
     e(  8 -  8) =     11.91539  eV     1   --> B_1  D_3  S_3  
     e(  9 -  9) =     12.40816  eV     1   --> A_2  D_2  S_2  
     e( 10 - 10) =     15.76268  eV     1   --> B_1  D_3  S_3  
     e( 11 - 11) =     16.75391  eV     1   --> A_1  D_1  S_1  
     e( 12 - 12) =     17.82320  eV     1   --> B_1  D_3  S_3  
     e( 13 - 13) =     19.75892  eV     1   --> A_1  D_1  S_1  
     e( 14 - 14) =     21.83191  eV     1   --> A_1  D_1  S_1  
     e( 15 - 15) =     22.47576  eV     1   --> A_2  D_2  S_2  
     e( 16 - 16) =     25.08272  eV     1   --> B_1  D_3  S_3  
     e( 17 - 17) =     26.85253  eV     1   --> A_2  D_2  S_2  
     e( 18 - 18) =     27.01436  eV     1   --> B_2  D_4  S_4  
     e( 19 - 19) =     27.52969  eV     1   --> B_1  D_3  S_3  
     e( 20 - 20) =     28.94742  eV     1   --> A_1  D_1  S_1  

 **************************************************************************

 **************************************************************************

                    xk=(  -0.30000,   0.30000,   0.00000  )

     Band symmetry, C_2v (mm2)  point group:

     e(  1 -  1) =     -4.95889  eV     1   --> A_1  D_1  S_1  
     e(  2 -  2) =      2.91661  eV     1   --> B_1  D_3  S_3  
     e(  3 -  3) =      4.12820  eV     1   --> A_1  D_1  S_1  
     e(  4 -  4) =      5.79065  eV     1   --> A_2  D_2  S_2  
     e(  5 -  5) =      9.29924  eV     1   --> B_1  D_3  S_3  
     e(  6 -  6) =      9.60788  eV     1   --> B_2  D_4  S_4  
     e(  7 -  7) =      9.89787  eV     1   --> A_1  D_1  S_1  
     e(  8 -  8) =     11.89740  eV     1   --> B_1  D_3  S_3  
     e(  9 -  9) =     12.47414  eV     1   --> A_2  D_2  S_2  
     e( 10 - 10) =     15.06188  eV     1   --> B_1  D_3  S_3  
     e( 11 - 11) =     16.46875  eV     1   --> A_1  D_1  S_1  
     e( 12 - 12) =     17.64486  eV     1   --> B_1  D_3  S_3  
     e( 13 - 13) =     19.24356  eV     1   --> A_1  D_1  S_1  
     e( 14 - 14) =     21.77689  eV     1   --> A_2  D_2  S_2  
     e( 15 - 15) =     22.73658  eV     1   --> A_1  D_1  S_1  
     e( 16 - 16) =     24.99860  eV     1   --> B_1  D_3  S_3  
     e( 17 - 17) =     27.14001  eV     1   --> A_2  D_2  S_2  
     e( 18 - 18) =     27.19795  eV     1   --> B_1  D_3  S_3  
     e( 19 - 19) =     27.47892  eV     1   --> B_2  D_4  S_4  
     e( 20 - 20) =     29.20856  eV     1   --> A_1  D_1  S_1  

 **************************************************************************

 **************************************************************************

                    xk=(  -0.26250,   0.26250,   0.00000  )

     Band symmetry, C_2v (mm2)  point group:

     e(  1 -  1) =     -5.13720  eV     1   --> A_1  D_1  S_1  
     e(  2 -  2) =      3.38730  eV     1   --> B_1  D_3  S_3  
     e(  3 -  3) =      4.48412  eV     1   --> A_1  D_1  S_1  
     e(  4 -  4) =      5.90900  eV     1   --> A_2  D_2  S_2  
     e(  5 -  5) =      9.28770  eV     1   --> B_1  D_3  S_3  
     e(  6 -  6) =      9.41851  eV     1   --> B_2  D_4  S_4  
     e(  7 -  7) =      9.68076  eV     1   --> A_1  D_1  S_1  
     e(  8 -  8) =     11.83479  eV     1   --> B_1  D_3  S_3  
     e(  9 -  9) =     12.59721  eV     1   --> A_2  D_2  S_2  
     e( 10 - 10) =     14.48665  eV     1   --> B_1  D_3  S_3  
     e( 11 - 11) =     16.12306  eV     1   --> A_1  D_1  S_1  
     e( 12 - 12) =     17.50814  eV     1   --> B_1  D_3  S_3  
     e( 13 - 13) =     18.79040  eV     1   --> A_1  D_1  S_1  
     e( 14 - 14) =     21.05260  eV     1   --> A_2  D_2  S_2  
     e( 15 - 15) =     23.72961  eV     1   --> A_1  D_1  S_1  
     e( 16 - 16) =     24.60939  eV     1   --> B_1  D_3  S_3  
     e( 17 - 17) =     27.24239  eV     1   --> B_1  D_3  S_3  
     e( 18 - 18) =     27.49844  eV     1   --> A_2  D_2  S_2  
     e( 19 - 19) =     27.95107  eV     1   --> B_2  D_4  S_4  
     e( 20 - 20) =     29.45856  eV     1   --> A_1  D_1  S_1  

 **************************************************************************

 **************************************************************************

                    xk=(  -0.22500,   0.22500,   0.00000  )

     Band symmetry, C_2v (mm2)  point group:

     e(  1 -  1) =     -5.29257  eV     1   --> A_1  D_1  S_1  
     e(  2 -  2) =      3.87286  eV     1   --> B_1  D_3  S_3  
     e(  3 -  3) =      4.84010  eV     1   --> A_1  D_1  S_1  
     e(  4 -  4) =      6.00744  eV     1   --> A_2  D_2  S_2  
     e(  5 -  5) =      9.24869  eV     1   --> B_1  D_3  S_3  
     e(  6 -  6) =      9.25586  eV     1   --> B_2  D_4  S_4  
     e(  7 -  7) =      9.48336  eV     1   --> A_1  D_1  S_1  
     e(  8 -  8) =     11.64823  eV     1   --> B_1  D_3  S_3  
     e(  9 -  9) =     12.77671  eV     1   --> A_2  D_2  S_2  
     e( 10 - 10) =     14.09945  eV     1   --> B_1  D_3  S_3  
     e( 11 - 11) =     15.74376  eV     1   --> A_1  D_1  S_1  
     e( 12 - 12) =     17.41600  eV     1   --> B_1  D_3  S_3  
     e( 13 - 13) =     18.41599  eV     1   --> A_1  D_1  S_1  
     e( 14 - 14) =     20.33219  eV     1   --> A_2  D_2  S_2  
     e( 15 - 15) =     24.04932  eV     1   --> B_1  D_3  S_3  
     e( 16 - 16) =     24.76556  eV     1   --> A_1  D_1  S_1  
     e( 17 - 17) =     27.52443  eV     1   --> B_1  D_3  S_3  
     e( 18 - 18) =     27.90156  eV     1   --> A_2  D_2  S_2  
     e( 19 - 19) =     28.44723  eV     1   --> B_2  D_4  S_4  
     e( 20 - 20) =     29.70558  eV     1   --> A_1  D_1  S_1  

 **************************************************************************

 **************************************************************************

                    xk=(  -0.18750,   0.18750,   0.00000  )

     Band symmetry, C_2v (mm2)  point group:

     e(  1 -  1) =     -5.42528  eV     1   --> A_1  D_1  S_1  
     e(  2 -  2) =      4.36919  eV     1   --> B_1  D_3  S_3  
     e(  3 -  3) =      5.18666  eV     1   --> A_1  D_1  S_1  
     e(  4 -  4) =      6.08598  eV     1   --> A_2  D_2  S_2  
     e(  5 -  5) =      9.11655  eV     1   --> B_2  D_4  S_4  
     e(  6 -  6) =      9.20029  eV     1   --> B_1  D_3  S_3  
     e(  7 -  7) =      9.30618  eV     1   --> A_1  D_1  S_1  
     e(  8 -  8) =     11.30170  eV     1   --> B_1  D_3  S_3  
     e(  9 -  9) =     13.00473  eV     1   --> A_2  D_2  S_2  
     e( 10 - 10) =     13.92305  eV     1   --> B_1  D_3  S_3  
     e( 11 - 11) =     15.35571  eV     1   --> A_1  D_1  S_1  
     e( 12 - 12) =     17.37101  eV     1   --> B_1  D_3  S_3  
     e( 13 - 13) =     18.11944  eV     1   --> A_1  D_1  S_1  
     e( 14 - 14) =     19.64878  eV     1   --> A_2  D_2  S_2  
     e( 15 - 15) =     23.45177  eV     1   --> B_1  D_3  S_3  
     e( 16 - 16) =     25.81689  eV     1   --> A_1  D_1  S_1  
     e( 17 - 17) =     27.90801  eV     1   --> B_1  D_3  S_3  
     e( 18 - 18) =     28.31005  eV     1   --> A_2  D_2  S_2  
     e( 19 - 19) =     28.94004  eV     1   --> B_2  D_4  S_4  
     e( 20 - 20) =     29.92340  eV     1   --> A_1  D_1  S_1  

 **************************************************************************

 **************************************************************************

                    xk=(  -0.15000,   0.15000,   0.00000  )

     Band symmetry, C_2v (mm2)  point group:

     e(  1 -  1) =     -5.53473  eV     1   --> A_1  D_1  S_1  
     e(  2 -  2) =      4.86526  eV     1   --> B_1  D_3  S_3  
     e(  3 -  3) =      5.51236  eV     1   --> A_1  D_1  S_1  
     e(  4 -  4) =      6.14615  eV     1   --> A_2  D_2  S_2  
     e(  5 -  5) =      9.00229  eV     1   --> B_2  D_4  S_4  
     e(  6 -  6) =      9.13982  eV     1   --> B_1  D_3  S_3  
     e(  7 -  7) =      9.14719  eV     1   --> A_1  D_1  S_1  
     e(  8 -  8) =     10.84272  eV     1   --> B_1  D_3  S_3  
     e(  9 -  9) =     13.26203  eV     1   --> A_2  D_2  S_2  
     e( 10 - 10) =     13.89567  eV     1   --> B_1  D_3  S_3  
     e( 11 - 11) =     14.98737  eV     1   --> A_1  D_1  S_1  
     e( 12 - 12) =     17.36838  eV     1   --> B_1  D_3  S_3  
     e( 13 - 13) =     17.89428  eV     1   --> A_1  D_1  S_1  
     e( 14 - 14) =     19.00678  eV     1   --> A_2  D_2  S_2  
     e( 15 - 15) =     22.88433  eV     1   --> B_1  D_3  S_3  
     e( 16 - 16) =     26.86703  eV     1   --> A_1  D_1  S_1  
     e( 17 - 17) =     28.33303  eV     1   --> B_1  D_3  S_3  
     e( 18 - 18) =     28.70795  eV     1   --> A_2  D_2  S_2  
     e( 19 - 19) =     29.41435  eV     1   --> B_2  D_4  S_4  
     e( 20 - 20) =     30.11440  eV     1   --> A_1  D_1  S_1  

 **************************************************************************

 **************************************************************************

                    xk=(  -0.11250,   0.11250,   0.00000  )

     Band symmetry, C_2v (mm2)  point group:

     e(  1 -  1) =     -5.62040  eV     1   --> A_1  D_1  S_1  
     e(  2 -  2) =      5.34656  eV     1   --> B_1  D_3  S_3  
     e(  3 -  3) =      5.80134  eV     1   --> A_1  D_1  S_1  
     e(  4 -  4) =      6.18995  eV     1   --> A_2  D_2  S_2  
     e(  5 -  5) =      8.91336  eV     1   --> B_2  D_4  S_4  
     e(  6 -  6) =      9.00941  eV     1   --> A_1  D_1  S_1  
     e(  7 -  7) =      9.06703  eV     1   --> B_1  D_3  S_3  
     e(  8 -  8) =     10.35996  eV     1   --> B_1  D_3  S_3  
     e(  9 -  9) =     13.53474  eV     1   --> A_2  D_2  S_2  
     e( 10 - 10) =     13.93907  eV     1   --> B_1  D_3  S_3  
     e( 11 - 11) =     14.66571  eV     1   --> A_1  D_1  S_1  
     e( 12 - 12) =     17.40106  eV     1   --> B_1  D_3  S_3  
     e( 13 - 13) =     17.72752  eV     1   --> A_1  D_1  S_1  
     e( 14 - 14) =     18.43457  eV     1   --> A_2  D_2  S_2  
     e( 15 - 15) =     22.38625  eV     1   --> B_1  D_3  S_3  
     e( 16 - 16) =     27.86982  eV     1   --> A_1  D_1  S_1  
     e( 17 - 17) =     28.76800  eV     1   --> B_1  D_3  S_3  
     e( 18 - 18) =     29.07290  eV     1   --> A_2  D_2  S_2  
     e( 19 - 19) =     29.87286  eV     1   --> B_2  D_4  S_4  
     e( 20 - 20) =     30.28411  eV     1   --> A_1  D_1  S_1  

 **************************************************************************

 **************************************************************************

                    xk=(  -0.07500,   0.07500,   0.00000  )

     Band symmetry, C_2v (mm2)  point group:

     e(  1 -  1) =     -5.68260  eV     1   --> A_1  D_1  S_1  
     e(  2 -  2) =      5.78228  eV     1   --> B_1  D_3  S_3  
     e(  3 -  3) =      6.03288  eV     1   --> A_1  D_1  S_1  
     e(  4 -  4) =      6.21725  eV     1   --> A_2  D_2  S_2  
     e(  5 -  5) =      8.84971  eV     1   --> B_2  D_4  S_4  
     e(  6 -  6) =      8.89880  eV     1   --> A_1  D_1  S_1  
     e(  7 -  7) =      8.97342  eV     1   --> B_1  D_3  S_3  
     e(  8 -  8) =      9.94170  eV     1   --> B_1  D_3  S_3  
     e(  9 -  9) =     13.79096  eV     1   --> A_2  D_2  S_2  
     e( 10 - 10) =     13.99793  eV     1   --> B_1  D_3  S_3  
     e( 11 - 11) =     14.41440  eV     1   --> A_1  D_1  S_1  
     e( 12 - 12) =     17.45439  eV     1   --> B_1  D_3  S_3  
     e( 13 - 13) =     17.61067  eV     1   --> A_1  D_1  S_1  
     e( 14 - 14) =     17.95903  eV     1   --> A_2  D_2  S_2  
     e( 15 - 15) =     21.99145  eV     1   --> B_1  D_3  S_3  
     e( 16 - 16) =     28.74791  eV     1   --> A_1  D_1  S_1  
     e( 17 - 17) =     29.17675  eV     1   --> B_1  D_3  S_3  
     e( 18 - 18) =     29.32991  eV     1   --> A_2  D_2  S_2  
     e( 19 - 19) =     30.29340  eV     1   --> B_2  D_4  S_4  
     e( 20 - 20) =     30.44561  eV     1   --> A_1  D_1  S_1  

 **************************************************************************

 **************************************************************************

                    xk=(  -0.03750,   0.03750,   0.00000  )

     Band symmetry, C_2v (mm2)  point group:

     e(  1 -  1) =     -5.71950  eV     1   --> A_1  D_1  S_1  
     e(  2 -  2) =      6.11178  eV     1   --> B_1  D_3  S_3  
     e(  3 -  3) =      6.18625  eV     1   --> A_1  D_1  S_1  
     e(  4 -  4) =      6.23412  eV     1   --> A_2  D_2  S_2  
     e(  5 -  5) =      8.81156  eV     1   --> B_2  D_4  S_4  
     e(  6 -  6) =      8.82506  eV     1   --> A_1  D_1  S_1  
     e(  7 -  7) =      8.85997  eV     1   --> B_1  D_3  S_3  
     e(  8 -  8) =      9.67254  eV     1   --> B_1  D_3  S_3  
     e(  9 -  9) =     13.98451  eV     1   --> A_2  D_2  S_2  
     e( 10 - 10) =     14.04228  eV     1   --> B_1  D_3  S_3  
     e( 11 - 11) =     14.25523  eV     1   --> A_1  D_1  S_1  
     e( 12 - 12) =     17.50374  eV     1   --> B_1  D_3  S_3  
     e( 13 - 13) =     17.54439  eV     1   --> A_1  D_1  S_1  
     e( 14 - 14) =     17.63766  eV     1   --> A_2  D_2  S_2  
     e( 15 - 15) =     21.73434  eV     1   --> B_1  D_3  S_3  
     e( 16 - 16) =     29.38890  eV     1   --> A_1  D_1  S_1  
     e( 17 - 17) =     29.49730  eV     1   --> B_1  D_3  S_3  
     e( 18 - 18) =     29.53070  eV     1   --> A_2  D_2  S_2  
     e( 19 - 19) =     30.62769  eV     1   --> B_2  D_4  S_4  
     e( 20 - 20) =     30.63805  eV     1   --> A_1  D_1  S_1  

 **************************************************************************

 **************************************************************************

                    xk=(   0.00000,   0.00000,   0.00000  )

     point group O_h (m-3m) 
     there are 10 classes
     the character table:

       E     8C3   3C2   6C4   6C2'  i     8S6   3s_h  6S4   6s_d 
A_1g   1.00  1.00  1.00  1.00  1.00  1.00  1.00  1.00  1.00  1.00
A_2g   1.00  1.00  1.00 -1.00 -1.00  1.00  1.00  1.00 -1.00 -1.00
E_g    2.00 -1.00  2.00  0.00  0.00  2.00 -1.00  2.00  0.00  0.00
T_1g   3.00  0.00 -1.00  1.00 -1.00  3.00  0.00 -1.00  1.00 -1.00
T_2g   3.00  0.00 -1.00 -1.00  1.00  3.00  0.00 -1.00 -1.00  1.00
A_1u   1.00  1.00  1.00  1.00  1.00 -1.00 -1.00 -1.00 -1.00 -1.00
A_2u   1.00  1.00  1.00 -1.00 -1.00 -1.00 -1.00 -1.00  1.00  1.00
E_u    2.00 -1.00  2.00  0.00  0.00 -2.00  1.00 -2.00  0.00  0.00
T_1u   3.00  0.00 -1.00  1.00 -1.00 -3.00  0.00  1.00 -1.00  1.00
T_2u   3.00  0.00 -1.00 -1.00  1.00 -3.00  0.00  1.00  1.00 -1.00

     the symmetry operations in each class and the name of the first element:

     E        1
                                                                 
     8C3     17   19   20   18   24   21   22   23
                                                                 
     3C2      2    4    3
                                                                 
     6C4      7    8   15   16   12   11
                                                                 
     6C2'     5    6   14   13   10    9
                                                                 
     i       25
                                                                 
     8S6     41   43   44   42   48   45   46   47
                                                                 
     3s_h    26   28   27
                                                                 
     6S4     31   32   39   40   36   35
                                                                 
     6s_d    29   30   38   37   34   33
                                                                 

     Band symmetry, O_h (m-3m)  point group:

     e(  1 -  1) =     -5.73218  eV     1   --> A_1g G_1   G_1+
     e(  2 -  4) =      6.23961  eV     3   --> T_2g G_25' G_5+
     e(  5 -  7) =      8.79885  eV     3   --> T_1u G_15  G_4-
     e(  8 -  8) =      9.58589  eV     1   --> A_2u G_2'  G_2-
     e(  9 - 10) =     14.05836  eV     2   --> E_u  G_12' G_3-
     e( 11 - 11) =     14.20010  eV     1   --> A_1g G_1   G_1+
     e( 12 - 14) =     17.52125  eV     3   --> T_2g G_25' G_5+
     e( 15 - 15) =     21.64445  eV     1   --> A_2u G_2'  G_2-
     e( 16 - 18) =     29.60205  eV     3   --> T_2g G_25' G_5+
     e( 19 - 20) =     30.76809  eV     2   --> E_g  G_12  G_3+

 **************************************************************************

     BANDS        :      1.00s CPU      1.06s WALL


   This run was terminated on:  23:59:22  20Aug2026            

=------------------------------------------------------------------------------=
   JOB DONE.
=------------------------------------------------------------------------------=
